1,17.2,34.5,51.8,69.6,87.4,105.7,124.0,142.8
1,0.684,1.368,2.052,2.755,3.458,4.14675,4.8355,5.53375
2,0.72,1.44,2.16,2.89975,3.6395,4.36425,5.08925,5.82425
3,0.864,1.728,2.592,3.48,4.368,5.238,6.108,6.99
4,3.636,7.272,10.908,14.645,18.382,22.04325,25.7045,29.41625
5,7.056,14.112,21.168,28.415,35.662,42.762,49.867,57.07
6,0.612,1.224,1.836,2.46075,3.0855,3.6975,4.31375,4.9385
7,0.288,0.576,0.864,1.16,1.456,1.75875,2.06275,2.37225
9,0.216,0.432,0.648,0.87,1.092,1.3095,1.527,1.7475
10,4.032,8.064,12.096,16.22825,20.3605,24.40875,28.46875,32.58475
11,9.036,18.072,27.108,36.33525,45.5625,54.6195,63.73875,72.9855
12,2.484,4.968,7.452,10.005,12.558,15.16275,17.76825,20.3925
13,0.864,1.728,2.592,3.48,4.368,5.269,6.17,7.077
14,1.944,3.888,5.832,7.83,9.828,11.877,13.926,16.0245
15,4.428,8.856,13.284,17.835,22.386,27.04625,31.72025,36.48975
16,0.936,1.872,2.808,3.77,4.732,5.7135,6.7015,7.7025
17,0.072,0.144,0.216,0.2895,0.363,0.435,0.5075,0.581
18,6.84,13.68,20.52,27.53225,34.5445,41.59275,48.6885,55.909
19,5.976,11.952,17.928,24.07,30.212,36.4785,42.77675,49.18025
20,5.184,10.368,15.552,20.88,26.208,31.63025,37.07425,42.6195
21,2.448,4.896,7.344,9.86,12.376,14.953,17.53,20.1645
22,1.332,2.664,3.996,5.365,6.734,8.13075,9.53675,10.96125
23,2.52,5.04,7.56,10.1485,12.737,15.3755,18.031,20.7215
24,0.216,0.432,0.648,0.86675,1.08425,1.3015,1.5175,1.739
25,0.072,0.144,0.216,0.2885,0.361,0.4325,0.504,0.5765
27,0.146,0.291,0.437,0.584,0.731,0.876,1.021,1.169
28,0.252,0.504,0.756,1.015,1.274,1.53825,1.80425,2.0755
29,4.392,8.784,13.176,17.69,22.204,26.8095,31.4455,36.17525
30,10.008,20.016,30.024,40.31,50.596,61.0905,71.6545,82.4795
31,6.876,13.752,20.628,27.695,34.762,42.01075,49.26875,56.71775
32,3.06,6.12,9.18,12.325,15.47,18.60625,21.7425,24.92625
33,4.608,9.216,13.824,18.48275,23.1415,27.7505,32.3615,37.0365
34,4.716,9.432,14.148,18.8995,23.64825,28.33425,33.02025,37.7745
35,1.296,2.592,3.888,5.202,6.507,7.80325,9.09925,10.4225
36,1.476,2.952,4.428,5.9245,7.41075,8.894,10.37,11.884
37,7.38,14.76,22.14,29.58225,37.0135,44.4045,51.7845,59.289
38,5.076,10.152,15.228,20.33925,25.4505,30.5115,35.5725,40.704
39,1.3755,2.74725,4.12275,5.50775,6.889,8.25125,9.6135,10.9945
40,2.044,4.074,6.118,8.176,10.224,12.243,14.262,16.313
41,4.818,9.603,14.421,19.272,24.123,28.908,33.693,38.577
42,0.5475,1.09125,1.63875,2.19,2.73975,3.2805,3.82275,4.37625
43,1.2045,2.40075,3.60525,4.818,6.0225,7.20225,8.39025,9.603
44,0.0365,0.07275,0.10925,0.14575,0.18225,0.218,0.254,0.29025
45,0.0365,0.07275,0.10925,0.14575,0.18225,0.218,0.254,0.29025
46,0.216,0.432,0.648,0.87,1.092,1.3185,1.5465,1.779
47,11.736,23.472,35.208,47.27,59.332,71.6385,84.0265,96.68725
48,11.16,22.32,33.48,44.95,56.42,68.0945,79.832,91.8625
49,10.404,20.808,31.212,41.905,52.598,63.22375,73.8495,84.62175
50,7.416,14.832,22.248,29.81825,37.3885,45.0075,52.6265,60.3955
51,7.524,15.048,22.572,30.18175,37.7875,45.31675,52.846,60.5005
52,6.768,13.536,20.304,27.16725,33.98375,40.753,47.52225,54.4315
53,6.444,12.888,19.332,25.8655,32.35425,38.79875,45.24275,51.815
54,8.892,17.784,26.676,35.68225,44.636,53.528,62.42,71.383
55,9.072,18.144,27.216,36.37825,45.51325,54.5625,63.61175,72.75975
56,6.4875,12.95325,19.44075,25.97525,32.49175,38.924,45.36175,51.88125
57,1.095,2.1825,3.2775,4.38,5.47975,6.55975,7.63975,8.7395
58,4.599,9.1665,13.7655,18.396,23.0265,27.56575,32.105,36.73875
59,5.767,11.4945,17.2615,23.068,28.86375,34.54225,40.2315,46.03925
60,6.278,12.513,18.791,25.093,31.37175,37.5215,43.7135,50.01
61,4.526,9.021,13.547,18.076,22.602,27.035,31.496,36.019
62,3.1025,6.18375,9.28625,12.38875,15.49125,18.53,21.59,24.688
63,7.592,15.132,22.724,30.316,37.908,45.344,52.832,60.372
64,2.5185,5.01975,7.53825,10.0435,12.562,15.02875,17.4995,20.00075
65,0.3285,0.65475,0.98325,1.3095,1.63725,1.95825,2.27925,2.60475
66,0.0365,0.07275,0.10925,0.1455,0.18175,0.21725,0.25275,0.28875
67,2.196,4.392,6.588,8.845,11.102,13.40475,15.72275,18.093
68,6.588,13.176,19.764,26.535,33.306,40.20625,47.15025,54.27325
69,5.4,10.8,16.2,21.75,27.3,32.8595,38.43075,44.1005
70,3.06,6.12,9.18,12.325,15.47,18.6925,21.915,25.2195
71,7.776,15.552,23.328,31.2745,39.221,47.1105,55,63.06
72,8.208,16.416,24.624,32.997,41.338,49.597,57.856,66.26
73,9.288,18.576,27.864,37.3185,46.7085,56.034,65.3595,74.836
74,11.448,22.896,34.344,45.97625,57.53175,69.00775,80.48375,92.06725
75,6.768,13.536,20.304,27.166,33.98925,40.7655,47.54175,54.37325
76,9.396,18.792,28.188,37.71575,47.17825,56.526,65.87375,75.3375
77,10.304,20.55,30.854,41.24125,51.6075,61.78275,71.9715,82.324
78,10.1835,20.29725,30.48075,40.74675,51,61.05675,71.1135,81.36675
79,7.008,13.968,20.976,28.05225,35.10825,42.04,48.97175,56.02675
80,2.2995,4.58325,6.88275,9.201,11.506,13.76375,16.03175,18.3205
81,11.242,22.407,33.649,44.9655,56.2075,67.2185,78.255,89.4225
82,5.0735,10.11225,15.18575,20.27175,25.34525,30.3145,35.301,40.3535
83,2.4455,4.87425,7.31975,9.765,12.2105,14.6055,17.014,19.4425
84,1.7155,3.41925,5.13475,6.8385,8.554,10.23225,11.9105,13.61225
85,6.9715,13.89525,20.86675,27.7905,34.721,41.50525,48.2895,55.16625
86,6.205,12.3675,18.5725,24.735,30.8975,36.9325,42.9675,49.07475
87,0.365,0.7275,1.0925,1.455,1.8175,2.1725,2.5275,2.885
88,0.288,0.576,0.864,1.16,1.456,1.758,2.062,2.372
89,1.872,3.744,5.616,7.54,9.464,11.427,13.403,15.431
90,0.54,1.08,1.62,2.175,2.73,3.29625,3.86625,4.45125
91,0.252,0.504,0.756,1.015,1.274,1.54,1.806,2.079
92,1.728,3.456,5.184,6.95025,8.7165,10.47225,12.228,14.022
93,6.804,13.608,20.412,27.383,34.34175,41.2435,48.14525,55.15125
94,3.42,6.84,10.26,13.757,17.236,20.69125,24.1465,27.64575
95,10.44,20.88,31.32,41.9735,52.5755,63.105,73.6345,84.3005
96,7.308,14.616,21.924,29.33625,36.7455,44.104,51.4625,58.92075
97,6.336,12.672,19.008,25.46875,31.8855,38.25275,44.62,51.0735
98,9.911,19.7805,29.6915,39.7355,49.75275,59.63,69.516,79.5465
99,11.9355,23.78925,35.72475,47.7855,59.82425,71.645,83.46575,95.48825
100,10.22,20.37,30.59,40.95,51.24275,61.38225,71.52125,81.78975
101,2.847,5.6745,8.5215,11.406,14.271,17.0775,19.8855,22.713
102,5.1465,10.25775,15.40425,20.5865,25.757,30.79825,35.86575,40.9535
103,9.2345,18.40575,27.64025,36.91575,46.155,55.19975,64.24925,73.38525
104,5.402,10.767,16.169,21.57175,26.97375,32.25825,37.54675,42.89475
105,9.125,18.1875,27.3125,36.377,45.502,54.379,63.257,72.25275
106,10.9135,21.75225,32.66575,43.5045,54.41075,65.02525,75.63975,86.33625
107,6.862,13.677,20.539,27.354,34.201,40.875,47.549,54.277
108,7.884,15.714,23.598,31.428,39.27125,46.93925,54.60725,62.32925
110,4.374,8.775,13.176,17.685,22.194,26.838,31.482,36.234
111,5.6295,11.29375,16.958,22.76125,28.5645,34.53775,40.511,46.62075
112,1.6335,3.26775,4.902,6.58125,8.2605,9.93075,11.601,13.29375
113,6.408,12.816,19.224,25.814,32.404,38.9455,45.487,52.088
114,4.824,9.648,14.472,19.42975,24.38725,29.31125,34.23525,39.19375
115,10.8,21.6,32.4,43.471,54.5415,65.514,76.4865,87.57175
116,9.576,19.152,28.728,38.53875,48.32225,58,67.67775,77.4885
117,9.1045,18.17475,27.27925,36.5475,45.79875,54.9415,64.08425,73.3525
118,7.9205,15.78675,23.70725,31.7435,39.77975,47.66975,55.55975,63.55825
119,7.008,13.968,20.976,28.08,35.1815,42.1415,49.08075,56.116
120,6.059,12.0765,18.1355,24.27725,30.412,36.417,42.393,48.4395
121,3.3945,6.76575,10.16025,13.58925,17.01825,20.35425,23.70225,27.0615
122,0.657,1.3095,1.9665,2.62825,3.28575,3.9295,4.5735,5.21775
123,5.033,10.03425,15.06725,20.1345,25.17,30.10275,35.0605,40.01825
124,6.14925,12.267,18.41625,24.59825,30.75725,36.788,42.83325,48.88675
125,5.986,11.931,17.917,23.895,29.881,35.7195,41.558,47.421
126,2.9565,5.89275,8.84925,11.7855,14.742,17.6175,20.493,23.38875
127,4.818,9.603,14.421,19.206,24.02375,28.70975,33.39575,38.11475
128,0.567,1.1375,1.708,2.303,2.898,3.486,4.074,4.6655
129,0.081,0.1625,0.244,0.327,0.4105,0.496,0.5815,0.669
130,0.2835,0.56875,0.854,1.14625,1.4385,1.7395,2.0405,2.3485
131,1.0125,2.03125,3.05,4.09375,5.1375,6.2125,7.2875,8.3875
132,2.511,5.0375,7.564,10.1525,12.741,15.407,18.073,20.8035
133,3.0375,6.09375,9.15,12.28125,15.4125,18.63225,21.852,25.14775
134,3.4425,6.90625,10.37,13.924,17.478,21.06275,24.6475,28.27475
135,5.1255,10.26775,15.41,20.719,26.028,31.2875,36.547,41.87275
136,9.504,19.008,28.512,38.289,48.066,57.768,67.47,77.296
137,11.088,22.176,33.264,44.66,56.056,67.3605,78.665,90.10475
138,10.944,21.888,32.832,44.0745,55.317,66.4195,77.522,88.7765
139,12.6175,25.15425,37.77175,50.6505,63.52925,76.2345,88.9435,101.82175
140,11.0595,22.04325,33.10275,44.3885,55.67425,66.73425,77.79425,89.00575
141,5.6575,11.27625,16.93375,22.6995,28.46525,34.09675,39.72375,45.41025
142,4.2705,8.51175,12.78225,17.1225,21.46275,25.69925,29.9225,34.1795
143,4.36825,8.727,13.09525,17.5445,21.97875,26.30925,30.63425,34.98325
144,1.5105,3.021,4.5315,6.07275,7.6045,9.1055,10.59925,12.09525
145,6.87675,13.7535,20.63025,27.62825,34.58725,41.4165,48.20675,54.997
146,9.9375,19.875,29.8125,39.86975,49.88275,59.705,69.51425,79.32675
147,6.9165,13.833,20.7495,27.74025,34.70025,41.497,48.29375,55.10325
148,0.99375,1.9875,2.98125,3.9875,4.9875,5.9625,6.9375,7.9125
149,0.1215,0.24375,0.366,0.49125,0.6165,0.74475,0.873,1.00425
150,6.48,13,19.52,26.245,32.97,39.765,46.56,53.47
151,8.1405,16.33125,24.522,32.9325,41.361,49.93525,58.5095,67.248
152,4.779,9.5875,14.396,19.306,24.2325,29.29,34.3475,39.523
153,7.938,15.925,23.912,32.095,40.278,48.706,57.134,65.758
154,2.349,4.7125,7.076,9.4975,11.919,14.413,16.907,19.459
155,0.1215,0.24375,0.366,0.49125,0.6165,0.74575,0.875,1.008
156,0.324,0.65,0.976,1.31,1.644,1.988,2.332,2.686
157,5.103,10.2375,15.372,20.682,25.992,31.2845,36.577,41.9515
158,5.0805,10.18825,15.28925,20.5785,25.86825,31.09325,36.31825,41.613
159,6.948,13.896,20.844,28.0065,35.169,42.26175,49.3545,56.52325
160,3.744,7.488,11.232,15.0805,18.929,22.74425,26.5595,30.42625
161,9.36,18.72,28.08,37.7,47.32,56.828,66.336,75.974
162,11.64,23.202,34.842,46.723,58.604,70.3255,82.0995,93.9805
163,8.9425,17.82375,26.76625,35.8925,45.01875,53.997,62.97525,72.076
164,13.14,26.19,39.33,52.74,66.15,79.2045,92.259,105.4545
165,6.709,13.38675,20.09575,26.939,33.78225,40.4465,47.12425,53.84975
166,10.61325,21.2265,31.83975,42.68375,53.49725,64.04375,74.62475,85.238
167,10.13625,20.2725,30.40875,40.79275,51.113,61.1855,71.25075,81.3615
168,13.31625,26.6325,39.94875,53.5685,67.10625,80.33875,93.5415,106.74425
169,13.87275,27.7455,41.61825,55.71425,69.763,83.51,97.24825,110.9865
170,12.60075,25.2015,37.80225,50.5735,63.2775,75.68425,88.091,100.50875
171,3.8955,7.791,11.6865,15.631,19.55675,23.3845,27.21225,31.04
172,0.11925,0.2385,0.35775,0.4785,0.59925,0.717,0.83475,0.9525
173,0.3645,0.73125,1.098,1.47375,1.8495,2.23425,2.619,3.01275
174,9.153,18.3625,27.572,37.0075,46.443,56.1045,65.766,75.6535
175,6.5205,13.08125,19.642,26.36375,33.0855,40.00475,46.924,54.00425
176,6.723,13.4875,20.252,27.182,34.1125,41.25,48.3875,55.691
177,3.0375,6.09375,9.15,12.28125,15.4125,18.6375,21.8625,25.16725
178,3.321,6.6625,10.004,13.4275,16.851,20.38,23.909,27.5295
179,0.081,0.1625,0.244,0.3275,0.411,0.4975,0.584,0.673
180,2.916,5.85,8.784,11.79,14.796,17.892,20.988,24.174
181,2.9095,5.83775,8.75,11.77475,14.7995,17.78575,20.772,23.79675
182,9.3595,18.77975,28.13975,37.848,47.5725,57.15925,66.746,76.47525
183,9.56,19.158,28.718,38.591,48.502,58.25325,67.99875,77.84125
184,8.8765,17.78025,26.65675,35.77225,44.915,53.93825,62.93425,72.04175
185,6.282,12.573,18.855,25.309,31.772,38.11425,44.45425,50.88025
186,12.139,24.2535,36.3925,48.8115,61.2445,73.49125,85.73825,98.107
187,13.539,27.0165,40.5555,54.385,68.2285,81.844,95.4595,109.24925
188,13.833,27.5775,41.4105,55.52875,69.64825,83.40925,97.17025,111.1245
189,11.6265,23.21475,34.84125,46.69425,58.54725,70.0975,81.68575,93.3885
190,10.93125,21.8625,32.79375,43.93425,55.07175,65.93425,76.8115,87.75575
191,13.63425,27.2685,40.90275,54.85825,68.74975,82.29825,95.84675,109.4725
192,14.50875,29.0175,43.52625,58.39425,73.17675,87.59425,102.01175,116.45275
193,14.628,29.256,43.884,58.7985,73.7025,88.2385,102.7745,117.3105
194,13.4355,26.871,40.3065,53.9955,67.6845,80.961,94.2375,107.5885
195,11.925,23.85,35.775,47.86525,59.94775,71.715,83.48225,95.26475
196,3.021,6.042,9.063,12.122,15.181,18.164,21.147,24.13
198,1.782,3.575,5.368,7.205,9.042,10.934,12.826,14.762
199,7.3305,14.70625,22.082,29.63875,37.1955,44.9785,52.7615,60.7255
200,7.0875,14.21875,21.35,28.65625,35.9625,43.4875,51.0125,58.721
201,1.62,3.25,4.88,6.55,8.22,9.942,11.664,13.434
202,2.187,4.3875,6.588,8.8425,11.097,13.42625,15.7555,18.15225
203,2.43,4.875,7.32,9.825,12.33,14.91,17.49,20.145
204,7.9185,15.88825,23.81,32.03275,40.2575,48.4335,56.6115,64.86875
205,9.856,19.776,29.632,39.83025,50.07025,60.165,70.25975,80.4775
206,10.626,21.321,31.947,42.90475,53.9315,64.766,75.58725,86.53325
207,11.7425,23.56125,35.30375,47.35125,59.475,71.43575,83.33075,95.31575
208,12.8625,25.80525,38.66775,51.86525,65.143,78.17,91.1965,104.3905
209,13.5,27.075,40.575,54.4205,68.28025,81.902,95.50425,109.276
210,14.289,28.596,42.885,57.48775,72.131,86.51175,100.876,115.40075
211,13.4465,26.88575,40.33225,54.03875,67.8095,81.31375,94.81775,108.48275
212,12.88975,25.75,38.63975,51.754,64.8405,77.6635,90.496,103.465
213,12.72,25.44,38.16,51.12,64.02425,76.66425,89.30675,102.02925
214,14.74725,29.4945,44.24175,59.29975,74.3215,88.94025,103.559,118.2705
215,14.151,28.302,42.453,56.958,71.376,85.436,99.496,113.6005
216,14.946,29.892,44.838,60.13675,75.36475,90.21675,105.06875,119.92075
217,15.06525,30.1305,45.19575,60.54525,75.8935,90.847,105.79925,120.76975
218,13.197,26.394,39.591,53.0165,66.3865,79.473,92.504,105.5975
219,11.0505,22.101,33.1515,44.34525,55.4985,66.41425,77.32575,88.27775
220,0.795,1.59,2.385,3.19,3.99,4.775,5.56,6.35
221,3.159,6.3375,9.516,12.7725,16.029,19.383,22.737,26.169
222,2.8755,5.76875,8.662,11.62625,14.5905,17.64825,20.706,23.84075
223,0.6885,1.38125,2.074,2.78375,3.4935,4.2285,4.9635,5.71975
224,3.2805,6.58125,9.882,13.26475,16.6475,20.132,23.6165,27.20025
225,4.226,8.479,12.7135,17.1095,21.506,25.8665,30.227,34.623
226,8.624,17.304,25.928,34.8365,43.7965,52.649,61.5015,70.4615
227,9.8175,19.69875,29.51625,39.6525,49.8525,59.8865,69.9205,80.082
228,11.55,23.175,34.725,46.631,58.58575,70.35775,82.0875,93.95125
229,11.935,23.9475,35.8825,48.152,60.4745,72.58075,84.6625,96.89925
230,11.8195,23.71575,35.53525,47.66175,59.80525,71.702,83.59875,95.649
231,13.6015,27.25875,40.86025,54.7445,68.668,82.286,95.911,109.63425
232,12.92,25.84,38.76,51.935,65.11575,78.0415,90.92375,103.94025
233,12.413,24.826,37.239,49.89575,62.5435,74.9475,87.3,99.79075
234,14.565,29.13,43.695,58.536,73.294,87.776,102.244,116.813
235,14.19075,28.3815,42.57225,57.03075,71.4715,85.5015,99.517,113.62175
236,10.494,20.988,31.482,42.222,52.914,63.325,73.736,84.164
237,10.7325,21.465,32.1975,43.197,54.132,64.797,75.462,86.127
238,12.879,25.758,38.637,51.78375,64.88625,77.68425,90.46275,103.24375
239,14.3895,28.779,43.1685,57.8285,72.399,86.698,100.9075,115.18425
240,15.38325,30.7665,46.14975,61.7355,77.23425,92.44275,107.64225,122.919
241,4.01475,8.0295,12.04425,16.1095,20.1495,24.11375,28.078,32.0675
242,0.0405,0.08125,0.122,0.16375,0.2055,0.2485,0.2915,0.3355
243,0.9315,1.86875,2.806,3.76625,4.7265,5.7155,6.7045,7.722
244,0.8505,1.70625,2.562,3.43875,4.3155,5.22025,6.125,7.056
245,3.0375,6.09375,9.15,12.305,15.46,18.6535,21.847,25.09825
246,4.135,8.2965,12.43825,16.73725,21.04,25.30575,29.572,33.868
247,5.005,10.0425,15.0475,20.215,25.415,30.55,35.685,40.885
248,12.012,24.102,36.114,48.516,60.996,73.17925,85.3625,97.70175
249,6.5835,13.20975,19.79325,26.5905,33.4165,40.11,46.798,53.563
250,3.542,7.107,10.649,14.2955,17.9525,21.5325,25.11,28.716
251,11.4875,23.03775,34.52525,46.30425,58.1495,69.70925,81.2665,92.95725
252,13.368,26.751,40.119,53.75025,67.46125,80.894,94.277,107.73275
253,14.402,28.804,43.206,57.89225,72.58325,86.99,101.373,115.86975
254,12.426,24.852,37.278,49.94925,62.6205,75.0465,87.40025,99.908
255,13.24025,26.4805,39.72075,53.216,66.6655,79.86,93,106.262
256,4.88925,9.7785,14.66775,19.64925,24.60225,29.459,34.28725,39.14575
257,3.61725,7.2345,10.85175,14.5415,18.227,21.8215,25.416,29.0105
258,4.2135,8.427,12.6405,16.945,21.238,25.425,29.612,33.799
259,6.32025,12.6405,18.96075,25.40925,31.81875,38.09925,44.34975,50.60025
260,13.833,27.666,41.499,55.57475,69.58175,83.32775,97.005,110.664
261,13.4355,26.871,40.3065,53.911,67.508,80.8515,94.195,107.469
262,7.11525,14.2305,21.34575,28.5505,35.7115,42.73825,49.765,56.8345
263,0.172,0.345,0.518,0.696,0.874,1.057,1.24,1.428
264,0.1215,0.24375,0.366,0.49125,0.6165,0.7455,0.8745,1.00725
265,4.5785,9.18375,13.789,18.5045,23.22275,28.081,32.93925,37.92725
266,6.2575,12.5525,18.8475,25.334,31.822,38.41675,45.0115,51.74375
267,10.3485,20.76075,31.14375,41.8755,52.60875,63.40575,74.20725,85.22225
268,12.243,24.5655,36.8085,49.491,62.211,74.7385,87.266,99.9945
269,10.318,20.703,31.021,41.674,52.394,62.846,73.298,83.884
270,11.2805,22.63425,33.91475,45.5615,57.2445,68.6715,80.0985,91.635
271,10.662,21.392,32.054,43.06225,54.07475,64.87525,75.67575,86.48925
272,12.9585,25.93625,38.89475,52.235,65.57775,78.62725,91.67675,104.777
273,9.462,18.924,28.386,38.0725,47.7785,57.26,66.717,76.23625
274,12.806,25.612,38.418,51.47625,64.535,77.3405,90.1135,102.97025
275,13.452,26.904,40.356,54.05575,67.77325,81.2075,94.58625,108.09125
276,10.93375,21.8675,32.80125,43.948,55.0745,65.988,76.85175,87.804
277,9.87275,19.7455,29.61825,39.68375,49.734,59.5915,69.39825,79.25575
278,11.6025,23.205,34.8075,46.6305,58.4175,69.9585,81.4875,93.0285
279,12.1635,24.327,36.4905,48.8835,61.24875,73.33575,85.42275,97.50975
280,13.47525,26.9505,40.42575,54.15525,67.8155,81.206,94.53625,107.8665
281,13.7535,27.507,41.2605,55.234,69.1605,82.8275,96.4475,110.028
282,9.65925,19.3185,28.97775,38.7715,48.55175,58.16275,67.77375,77.325
283,4.73025,9.4605,14.19075,18.99975,23.779,28.48825,33.1975,37.898
284,5.494,11.02,16.546,22.21975,27.8965,33.74975,39.603,45.62425
285,12.857,25.78875,38.7205,51.995,65.27275,78.9605,92.64825,106.714
286,10.019,20.09625,30.1735,40.50375,50.84325,61.48575,72.12825,83.056
287,2.064,4.14,6.216,8.34775,10.4795,12.67425,14.869,17.12825
288,14.362,28.8075,43.253,58.06,72.87675,88.12375,103.37075,119.0445
289,17.2,34.5,51.8,69.532,87.27425,105.53025,123.78625,142.5565
290,16.999,34.09725,51.1915,68.72825,86.27175,104.31525,122.35875,140.901
291,14.6505,29.39375,44.067,59.24825,74.449,89.52,104.61075,119.94975
292,14.1915,28.4715,42.663,57.3335,72.07475,86.45975,100.84975,115.4065
293,12.6665,25.41525,38.08175,51.16375,64.32375,77.159,89.99425,102.98975
294,13.0875,26.23975,39.32725,52.84075,66.41375,79.6735,92.9335,106.2045
295,8.827,17.6595,26.4865,35.565,44.6435,53.53825,62.433,71.3375
296,8.778,17.556,26.334,35.3295,44.325,53.11125,61.884,70.68725
297,14.136,28.272,42.408,56.82475,71.24725,85.3775,99.428,113.5465
298,13.832,27.664,41.496,55.513,69.618,83.362,97.103,110.847
299,14.022,28.044,42.066,56.356,70.65475,84.668,98.67,112.68825
300,13.338,26.676,40.014,53.61525,67.2165,80.59,93.926,107.264
301,6.796,13.592,20.388,27.31675,34.2355,41.02425,47.7815,54.5675
302,10.85175,21.7035,32.55525,43.61175,54.6,65.3835,76.167,86.9505
303,14.5485,29.097,43.6455,58.4685,73.20025,87.65725,102.1115,116.56575
304,14.42925,28.8585,43.28775,57.9785,72.58925,86.92775,101.25675,115.575
305,11.01075,22.0215,33.03225,44.21775,55.367,66.3265,77.286,88.1945
306,0.75525,1.5105,2.26575,3.03525,3.8,4.55525,5.3105,6.061
307,4.429,8.88375,13.3385,17.90875,22.479,27.17525,31.8715,36.6915
308,14.448,28.98,43.512,58.42275,73.3335,88.6685,104.0035,119.7475
309,15.265,30.61875,45.9725,61.729,77.4855,93.69675,109.908,126.55625
310,13.6185,27.31625,41.014,55.07525,69.1365,83.61,98.0835,112.9435
311,11.9465,23.9625,35.9785,48.3165,60.6545,73.3615,86.0685,99.11775
312,16.985,34.06875,51.1525,68.687,86.2215,104.265,122.3085,140.8295
313,17.071,34.24125,51.4115,69.028,86.6445,104.75475,122.865,141.46275
314,17.2,34.5,51.8,69.554,87.308,105.569,123.83,142.5835
315,16.7825,33.65325,50.5235,67.8525,85.1815,102.93475,120.67775,138.87575
316,13.246,26.52525,39.78725,53.4895,67.19175,80.7635,94.30725,108.02375
317,6.5625,13.1625,19.725,26.50775,33.30925,40.06175,46.8265,53.6895
318,4.824,9.666,14.49,19.46025,24.4485,29.41425,34.39125,39.4245
319,8.74,17.48,26.22,35.198,44.176,53.001,61.826,70.612
320,7.98,15.96,23.94,32.13,40.32,48.32375,56.3275,64.29125
321,9.766,19.532,29.298,39.29625,49.295,59.0605,68.80175,78.504
322,14.25,28.5,42.75,57.26325,71.7945,86.0265,100.1965,114.35275
323,11.4,22.8,34.2,45.82475,57.44975,68.8495,80.24925,91.60675
324,13.11,26.22,39.33,52.69875,66.09475,79.2775,92.46025,105.57025
325,4.18,8.36,12.54,16.8105,21.081,25.2885,29.496,33.692
326,1.908,3.816,5.724,7.668,9.6,11.496,13.392,15.288
327,3.18,6.36,9.54,12.78,16,19.16,22.32,25.48
328,2.067,4.134,6.201,8.307,10.4,12.454,14.508,16.562
329,0.27825,0.5565,0.83475,1.11825,1.4,1.6765,1.953,2.2295
330,0.473,0.94875,1.4245,1.91125,2.398,2.89575,3.3935,3.903
331,3.311,6.64125,9.9715,13.3795,16.7875,20.281,23.7745,27.3495
332,15.222,30.5325,45.843,61.5205,77.198,93.3395,109.481,126.01325
333,17.2,34.5,51.8,69.52,87.24,105.50075,123.7615,142.46675
334,17.2,34.5,51.8,69.54075,87.2815,105.5415,123.8015,142.5075
335,9.073,18.19875,27.3245,36.679,46.0335,55.66,65.2865,75.14175
336,9.159,18.37125,27.5835,37.035,46.4865,56.23775,65.989,75.99525
337,12.5605,25.1925,37.8245,50.76875,63.713,77.057,90.3995,104.08625
338,16.1975,32.475,48.7525,65.46425,82.176,99.26875,116.34525,133.80675
339,12.5605,25.13625,37.712,50.7405,63.769,76.66875,89.5615,102.47275
340,7.6205,15.243,22.8635,30.754,38.6465,46.448,54.2515,62.09075
341,0.57,1.14,1.71,2.295,2.88,3.48375,4.08875,4.71125
342,3.631,7.262,10.89125,14.61725,18.34325,22.0185,25.69375,29.3225
343,10.671,21.342,32.00725,42.95375,53.90025,64.5735,75.24675,85.78075
344,11.59,23.18,34.77,46.606,58.4985,70.032,81.563,93.0095
345,11.742,23.484,35.226,47.2205,59.23525,70.957,82.65075,94.2745
346,10.412,20.824,31.236,41.87725,52.522,62.946,73.37,83.71025
347,13.186,26.372,39.558,53.01275,66.54575,79.8185,93.09125,106.27725
348,10.64,21.28,31.92,42.83,53.75,64.46,75.17,85.93
349,0.344,0.69,1.036,1.39,1.744,2.11,2.476,2.852
350,10.2315,20.5225,30.8135,41.3585,51.9035,62.78175,73.66,84.79475
351,17.2,34.5,51.8,69.517,87.234,105.4935,123.753,142.4295
352,16.168,32.43,48.692,65.33875,81.9855,99.1545,116.3235,133.87875
353,11.868,23.805,35.742,47.97225,60.2025,72.8125,85.4225,98.3275
354,13.588,27.255,40.922,54.91175,68.9015,83.33375,97.766,112.5235
355,14.7325,29.55,44.3675,59.54725,74.727,90.39275,106.0585,122.08575
356,10.435,20.90625,31.3775,42.18325,52.989,63.91,74.828,85.89475
357,8.2125,16.425,24.6375,33.17625,41.715,50.0895,58.46175,66.78375
358,2.5875,5.175,7.7625,10.4345,13.1065,15.79325,18.48,21.2065
359,0.114,0.228,0.342,0.459,0.576,0.69675,0.8175,0.942
360,1.927,3.854,5.76925,7.7435,9.7175,11.6775,13.6375,15.60475
361,10.705,21.41,32.05575,43.01625,53.97675,64.6225,75.2665,85.78075
362,12.903,25.806,38.67875,51.86075,65.0635,77.89025,90.712,103.41975
363,13.398,26.796,40.189,53.912,67.656,81.02425,94.39625,107.61375
364,12.502,25.004,37.506,50.337,63.168,75.69775,88.2275,100.6205
365,14.089,28.178,42.25825,56.6975,71.14575,85.318,99.49025,113.5705
366,5.89,11.78,17.67,23.71325,29.75825,35.687,41.61575,47.56975
367,3.01,6.0375,9.065,12.16475,15.2645,18.442,21.6195,24.8785
368,16.899,33.89625,50.8935,68.30225,85.711,103.55725,121.4035,139.71125
369,13.846,27.7725,41.699,55.9645,70.23,84.85875,99.4875,114.49225
370,15.566,31.2225,46.879,62.91375,78.9485,95.387,111.8255,128.692
371,12.728,25.53,38.332,51.435,64.538,77.9805,91.423,105.2065
372,8.122,16.2825,24.443,32.81775,41.1925,49.73325,58.274,66.98425
373,10.2835,20.5725,30.8615,41.504,52.1465,62.79725,73.448,84.147
374,4.275,8.55,12.825,17.24075,21.6565,26.0585,30.4605,34.8955
375,1.6875,3.375,5.0625,6.7955,8.5285,10.30475,12.081,13.912
376,1.025,2.05,3.06875,4.1125,5.15625,6.2375,7.31875,8.43125
377,10.414,20.828,31.1785,41.8515,52.49375,63.1925,73.89125,84.68525
378,11.767,23.534,35.22925,47.33025,59.3835,71.1265,82.86875,94.46825
379,12.669,25.338,37.92975,50.8745,63.79725,76.411,88.974,101.43325
380,10.399,20.798,31.13475,41.7255,52.31625,62.6525,72.99525,83.205
381,13.841,27.682,41.46525,55.59475,69.72425,83.508,97.3315,110.942
382,7.108,14.216,21.289,28.538,35.787,42.88275,49.99975,57.03025
383,0.275,0.55,0.82425,1.1055,1.38675,1.662,1.938,2.21075
384,2.709,5.43375,8.1585,10.962,13.7655,16.64775,19.53,22.4755
385,7.955,15.95625,23.9575,32.19,40.4225,48.88625,57.35,66.01975
386,14.835,29.75625,44.6775,60.03,75.3825,91.16625,106.95,123.12325
387,7.783,15.61125,23.4395,31.494,39.5485,47.82925,56.11,64.60525
388,6.969,13.965,20.961,28.185,35.409,42.76775,50.1265,57.59375
389,9.525,19.05,28.575,38.40125,48.2275,58.16925,68.111,78.19325
390,3.8625,7.725,11.5875,15.53475,19.482,23.53225,27.5825,31.7615
391,0.525,1.05,1.575,2.114,2.653,3.206,3.759,4.3295
392,2.501,5.002,7.48775,10.0345,12.58125,15.2195,17.85775,20.57225
393,6.642,13.284,19.8855,26.7165,33.51375,40.2165,46.91925,53.58825
394,12.833,25.666,38.42075,51.62375,64.76975,77.60275,90.4145,103.091
395,13.12,26.24,39.28,52.7525,66.17,79.2675,92.385,105.3225
396,12.956,25.912,38.789,51.98325,65.1775,78.05575,91.00775,103.7255
397,8.077,16.154,24.18175,32.44425,40.70675,48.77225,56.80875,64.70025
398,10.25,20.5,30.6875,41.13825,51.589,61.78975,72.0265,82.07575
399,1.72,3.45,5.18,6.96,8.74,10.57,12.4,14.28
400,3.096,6.21,9.324,12.528,15.732,19.026,22.32,25.704
401,1.758,3.5175,5.277,7.1035,8.93,10.76475,12.5995,14.43325
402,5.1375,10.275,15.4125,20.6955,25.9785,31.372,36.7655,42.30475
403,1.058,2.116,3.17075,4.2525,5.33425,6.4495,7.5615,8.7105
404,6.325,12.65,18.94375,25.4025,31.86125,38.5315,45.1785,52.053
405,2.501,5.002,7.48775,10.04175,12.59575,15.234,17.87225,20.594
406,10.988,21.976,32.897,44.218,55.473,66.47,77.484,88.354
407,14.514,29.028,43.4535,58.342,73.21,87.724,102.17,116.507
408,14.514,29.028,43.4535,58.275,73.095,87.561,102.036,116.325
409,14.842,29.684,44.4355,59.54975,74.664,89.43925,104.2805,118.82725
410,12.177,24.354,36.45675,48.89825,61.33975,73.51675,85.652,97.532
411,0.984,1.968,2.946,3.954,4.962,5.946,6.924,7.884
412,0.6375,1.275,1.9125,2.567,3.2215,3.893,4.5645,5.25725
413,2.85,5.7,8.55,11.476,14.402,17.404,20.406,23.503
414,2.4,4.8,7.2,9.664,12.128,14.64,17.152,19.744
415,2.307,4.614,6.91425,9.27975,11.64525,14.0735,16.50125,19.014
416,0.041,0.082,0.12275,0.1645,0.20625,0.2495,0.2925,0.337
418,10.455,20.91,31.30125,42.06625,52.77375,63.225,73.73375,84.055
419,14.883,29.766,44.55825,59.803,75.04775,89.9295,104.723,119.42325
420,13.12,26.24,39.28,52.6535,66.027,79.0805,92.187,105.0805
421,14.76,29.52,44.19,59.22,74.25,88.93575,103.69575,118.13675
422,13.202,26.404,39.5255,52.969,66.4125,79.60425,92.80625,105.68625
423,0.492,0.984,1.473,1.974,2.475,2.967,3.459,3.939
424,0.6375,1.275,1.9125,2.567,3.2215,3.893,4.5645,5.25725
425,0.3375,0.675,1.0125,1.359,1.7055,2.061,2.4165,2.78325
426,3.15,6.3,9.45,12.684,15.918,19.22825,22.5385,25.95475
427,0.075,0.15,0.225,0.302,0.379,0.45775,0.5365,0.618
429,4.1,8.2,12.275,16.4745,20.674,24.76825,28.862,32.8715
430,14.76,29.52,44.19,59.28175,74.36925,89.0435,103.7545,118.14225
431,5.904,11.808,17.676,23.695,29.714,35.589,41.486,47.289
432,7.011,14.022,20.99025,28.13925,35.28825,42.35875,49.4525,56.44675
433,5.043,10.086,15.09825,20.2335,25.36875,30.381,35.42375,40.35475
434,1.886,3.772,5.6465,7.567,9.4875,11.36225,13.24825,15.08825
435,1.05,2.1,3.15,4.228,5.306,6.412,7.518,8.659
436,2.4,4.8,7.2,9.664,12.128,14.656,17.184,19.792
438,1.0125,2.025,3.0375,4.077,5.1165,6.183,7.2495,8.356
439,4.05,8.1,12.15,16.30925,20.4685,24.737,29.0055,33.43475
440,0.114,0.228,0.342,0.459,0.576,0.6975,0.819,0.94425
441,7.286,14.572,21.843,29.30125,36.7595,44.02925,51.3125,58.396
442,13.35,26.7,40.011,53.63575,67.29575,80.54875,93.807,106.72175
443,8.836,17.672,26.481,35.49,44.5235,53.3155,62.12925,70.75825
444,1.801,3.602,5.40175,7.243,9.0905,10.9305,12.774,14.5925
445,0.574,1.148,1.7185,2.303,2.8875,3.458,4.0285,4.585
446,1.462,2.9325,4.403,5.9075,7.412,8.9675,10.523,12.121
447,0.043,0.08625,0.1295,0.17375,0.218,0.26375,0.3095,0.3565
448,1.032,2.07,3.108,4.17,5.232,6.33,7.428,8.556
449,0.225,0.45,0.675,0.906,1.137,1.374,1.611,1.8555
450,6.15,12.3,18.45,24.764,31.078,37.556,44.034,50.717
451,0.45,0.9,1.35,1.812,2.274,2.748,3.222,3.711
452,7.95,15.9,23.85,32.012,40.174,48.57875,56.9835,65.642
453,4.1625,8.325,12.4875,16.761,21.0345,25.41975,29.805,34.35525
454,0.266,0.532,0.798,1.07125,1.3445,1.622,1.89975,2.17425
455,8.74,17.48,26.22,35.19,44.16,53.1225,62.1025,70.875
456,12.768,25.536,38.304,51.333,64.3925,77.032,89.6805,101.984
457,5.548,11.096,16.644,22.3015,27.99225,33.5005,39.00875,44.378
458,0.684,1.368,2.052,2.74975,3.45175,4.13375,4.816,5.48525
459,0.215,0.43125,0.6475,0.86875,1.09,1.3175,1.545,1.7775
460,6.02,12.075,18.13,24.325,30.52,36.92375,43.3275,49.905
461,4.3,8.625,12.95,17.375,21.8,26.375,30.95,35.65
462,5.676,11.385,17.094,22.935,28.776,34.815,40.854,47.058
463,8.342,16.7325,25.123,33.7075,42.292,51.1675,60.043,69.161
464,0.946,1.8975,2.849,3.8225,4.796,5.8025,6.809,7.843
465,4.2375,8.475,12.7125,17.063,21.4135,25.877,30.3405,34.899
466,11.025,22.05,33.075,44.394,55.713,67.326,78.939,90.8145
467,8.325,16.65,24.975,33.522,42.069,50.88025,59.6915,68.738
468,0.075,0.15,0.225,0.302,0.379,0.4585,0.538,0.6195
469,0.57,1.14,1.71,2.29125,2.8725,3.43125,3.99,4.5375
470,6.84,13.68,20.52,27.51,34.50725,41.40575,48.3115,55.08175
471,8.892,17.784,26.676,35.72975,44.79725,53.54475,62.306,70.847
472,0.912,1.824,2.736,3.666,4.596,5.496,6.396,7.272
473,1.677,3.36375,5.0505,6.77625,8.502,10.2765,12.051,13.8645
474,3.096,6.21,9.324,12.51,15.696,18.97725,22.2585,25.617
475,0.301,0.60375,0.9065,1.21625,1.526,1.84625,2.1665,2.4955
476,0.645,1.29375,1.9425,2.60625,3.27,3.95625,4.6425,5.3475
477,4.601,9.22875,13.8565,18.59125,23.326,28.22125,33.1165,38.1455
478,6.063,12.16125,18.2595,24.49875,30.738,37.18875,43.6395,50.2665
479,8.041,16.12875,24.2165,32.49125,40.766,49.32125,57.8765,66.6385
480,8.425,16.89375,25.3625,34.03025,42.698,51.657,60.61125,69.6625
481,5.649,11.3025,16.956,22.7575,28.559,34.519,40.4785,46.6225
482,0.722,1.444,2.166,2.907,3.648,4.4175,5.187,5.977
483,6.118,12.236,18.354,24.62175,30.8895,37.0025,43.13925,49.197
484,11.096,22.192,33.288,44.57725,55.87975,66.73775,77.61575,88.294
485,4.75,9.5,14.25,19.0635,23.906,28.533,33.189,37.7515
486,0.152,0.304,0.456,0.6105,0.7655,0.9145,1.064,1.21
487,0.731,1.46625,2.2015,2.95375,3.706,4.4795,5.253,6.0435
488,0.129,0.25875,0.3885,0.52125,0.654,0.7905,0.927,1.0665
490,0.43,0.8625,1.295,1.7375,2.18,2.6385,3.096,3.567
491,5.504,11.04,16.576,22.24,27.904,33.76875,39.62475,45.6495
492,8.385,16.81875,25.2525,33.88525,42.518,51.44325,60.3685,69.5735
493,0.602,1.2075,1.813,2.4325,3.052,3.69325,4.33375,4.99375
494,0.172,0.345,0.518,0.695,0.872,1.05575,1.23875,1.4275
496,1.634,3.268,4.902,6.579,8.256,9.87925,11.51325,13.115
497,12.198,24.396,36.594,48.988,61.3865,73.32125,85.27375,97.048
498,5.89,11.78,17.67,23.6375,29.608,35.343,41.081,46.7385
500,0.989,1.98375,2.9785,3.996,5.01375,6.06,7.10625,8.1755
501,0.172,0.345,0.518,0.695,0.872,1.05425,1.2365,1.423
502,4.214,8.4525,12.691,17.0275,21.364,25.823,30.282,34.85875
504,0.86,1.725,2.59,3.475,4.36,5.27925,6.19425,7.13925
505,0.172,0.345,0.518,0.695,0.872,1.056,1.239,1.428
506,0.645,1.29375,1.9425,2.61,3.2775,3.9675,4.6575,5.37
508,2.236,4.485,6.734,9.048,11.362,13.622,15.882,18.124
509,1.634,3.2775,4.921,6.612,8.303,9.98225,11.6615,13.34775
510,1.444,2.888,4.332,5.814,7.296,8.835,10.374,11.9605
511,8.93,17.86,26.79,35.838,44.94075,53.694,62.44725,71.08475
512,4.294,8.588,12.882,17.2325,21.59875,25.7955,29.99225,34.1325
513,1.333,2.67375,4.0145,5.38625,6.758,8.1685,9.579,11.0205
514,0.602,1.2075,1.813,2.4325,3.052,3.6915,4.331,4.987
515,0.387,0.77625,1.1655,1.56375,1.962,2.37375,2.7855,3.2085
516,0.473,0.94875,1.4245,1.91025,2.397,2.8965,3.396,3.90925
517,0.043,0.08625,0.1295,0.17375,0.218,0.2635,0.309,0.35575
519,2.924,5.865,8.806,11.815,14.824,17.952,21.07125,24.28425
520,1.161,2.32875,3.4965,4.69125,5.886,7.128,8.37,9.64575
521,0.129,0.25875,0.3885,0.522,0.6555,0.7935,0.9315,1.074
522,3.741,7.50375,11.2665,15.136,19.0055,22.7985,26.5915,30.357
523,13.846,27.7725,41.699,55.95425,70.24275,84.0695,97.89625,111.5215
524,4.718,9.442,14.166,18.98075,23.817,28.4745,33.132,37.723
525,10.564,21.128,31.692,42.44075,53.21325,63.6145,74.01575,84.278
526,1.596,3.192,4.788,6.405,8.0325,9.597,11.1615,12.705
528,0.172,0.345,0.518,0.694,0.871,1.051,1.231,1.415
530,0.903,1.81125,2.7195,3.64875,4.578,5.52825,6.4785,7.455
531,0.129,0.25875,0.3885,0.52125,0.654,0.79,0.926,1.0655
532,1.419,2.84625,4.2735,5.73375,7.194,8.6955,10.197,11.738
533,2.279,4.57125,6.8635,9.2015,11.54675,13.956,16.36525,18.84075
534,2.451,4.91625,7.3815,9.90375,12.426,15.03375,17.6415,20.3205
535,0.172,0.345,0.518,0.695,0.872,1.055,1.238,1.426
536,4.171,8.36625,12.5615,16.85375,21.146,25.60675,30.04775,34.631
537,3.913,7.84875,11.7845,15.81125,19.838,23.995,28.15025,32.35575
538,2.881,5.77875,8.6765,11.65075,14.625,17.65175,20.6785,23.6995
539,3.397,6.81375,10.2305,13.727,17.2235,20.85225,24.481,28.1645
540,9.976,20.01,30.044,40.3105,50.5785,60.70975,70.841,80.85575
541,14.552,29.159,43.766,58.67125,73.60025,88.08025,102.56025,116.815
542,2.546,5.092,7.638,10.23425,12.8305,15.343,17.8555,20.3345
544,0.301,0.60375,0.9065,1.2145,1.52425,1.83925,2.15425,2.47625
545,0.043,0.08625,0.1295,0.1735,0.21775,0.26275,0.30775,0.35375
546,0.215,0.43125,0.6475,0.86875,1.09,1.31625,1.5425,1.775
547,0.215,0.43125,0.6475,0.86875,1.09,1.31775,1.5455,1.7785
548,0.516,1.035,1.554,2.085,2.616,3.16325,3.7105,4.27175
549,1.935,3.88125,5.8275,7.81875,9.81,11.8665,13.923,16.03875
550,2.58,5.175,7.77,10.425,13.08,15.825,18.57,21.391
551,0.774,1.5525,2.331,3.1275,3.924,4.7475,5.571,6.4215
552,0.344,0.69,1.036,1.39,1.744,2.11,2.476,2.846
553,5.074,10.1775,15.281,20.52025,25.7595,31.03075,36.29875,41.51975
554,2.967,5.95125,8.9355,11.99725,15.059,18.1385,21.218,24.237
555,7.482,15.0075,22.533,30.27175,38.0105,45.7015,53.3925,60.94875
556,4.128,8.28,12.432,16.68,20.928,25.1125,29.297,33.39325
557,4.902,9.8325,14.763,19.80525,24.8475,29.7735,34.6995,39.54225
558,1.677,3.36375,5.0505,6.7665,8.49225,10.24725,12.00225,13.79625
559,0.344,0.69,1.036,1.38925,1.74325,2.107,2.47075,2.84375
560,0.172,0.345,0.518,0.69475,0.87175,1.05325,1.23475,1.421
561,0.215,0.43125,0.6475,0.86875,1.09,1.31875,1.5475,1.7825
563,0.516,1.035,1.554,2.085,2.616,3.16475,3.7135,4.27925
564,1.72,3.45,5.18,6.95,8.72,10.55,12.38,14.2685
565,4.085,8.19375,12.3025,16.50625,20.71,25.064,29.41025,33.899
566,7.826,15.6975,23.569,31.6225,39.676,48.01425,56.34075,64.80525
567,2.451,4.91625,7.3815,9.912,12.4425,15.004,17.56225,20.129
568,1.419,2.84625,4.2735,5.74175,7.21,8.67,10.12975,11.5735
569,2.709,5.43375,8.1585,10.95725,13.756,16.53425,19.3125,22.03875
570,0.344,0.69,1.036,1.39,1.744,2.094,2.444,2.786
571,0.043,0.08625,0.1295,0.17375,0.218,0.26375,0.3095,0.3565
572,0.129,0.25875,0.3885,0.52125,0.654,0.79125,0.9285,1.0695
573,2.709,5.43375,8.1585,10.94625,13.734,16.58875,19.4435,22.38925
578,3.225,6.46875,9.7125,13.03175,16.351,19.79075,23.223,26.76775
579,6.407,12.85125,19.2955,25.89325,32.491,39.3455,46.16725,53.2125
580,8.17,16.3875,24.605,33.014,41.423,50.15425,58.8395,67.79975
581,7.224,14.49,21.756,29.19125,36.6265,44.02575,51.38425,58.74475
582,7.74,15.525,23.31,31.28225,39.2545,47.17275,55.067,62.89875
583,0.344,0.69,1.036,1.39,1.744,2.094,2.444,2.786
585,0.559,1.12125,1.6835,2.25875,2.834,3.42225,4.0105,4.615
586,0.559,1.12125,1.6835,2.25875,2.834,3.42275,4.0115,4.6165
587,0.258,0.5175,0.777,1.0425,1.308,1.58,1.852,2.13275
588,0.946,1.8975,2.849,3.8225,4.796,5.7915,6.787,7.8155
589,0.043,0.08625,0.1295,0.17375,0.218,0.26375,0.3095,0.35675
592,0.258,0.5175,0.777,1.044,1.311,1.5885,1.866,2.1525
593,3.956,7.935,11.914,16.00325,20.0925,24.32825,28.55925,32.92825
594,10.234,20.5275,30.821,41.37,51.934,62.747,73.548,84.616
595,9.073,18.19875,27.3245,36.6355,45.97225,55.2305,64.46375,73.695
596,6.063,12.16125,18.2595,24.49875,30.738,36.942,43.13925,49.308
597,0.129,0.25875,0.3885,0.52125,0.654,0.786,0.918,1.04925
598,0.086,0.1725,0.259,0.3475,0.436,0.5265,0.617,0.71
599,0.129,0.25875,0.3885,0.52125,0.654,0.78975,0.9255,1.065
600,0.688,1.38,2.072,2.78,3.488,4.212,4.936,5.68
601,0.258,0.5175,0.777,1.0425,1.308,1.5795,1.851,2.13
602,0.172,0.345,0.518,0.695,0.872,1.05375,1.2355,1.4225
603,1.075,2.15625,3.2375,4.34375,5.45,6.58775,7.7255,8.90075
607,0.043,0.08625,0.1295,0.174,0.2185,0.26475,0.311,0.35875
608,0.688,1.38,2.072,2.784,3.496,4.23275,4.9695,5.73025
609,3.311,6.64125,9.9715,13.382,16.8005,20.27425,23.748,27.28925
610,10.492,21.045,31.598,42.35225,53.1555,63.89875,74.642,85.417
611,14.19,28.4625,42.735,57.3405,71.946,86.493,101.04,115.5255
612,6.321,12.67875,19.0365,25.542,32.0475,38.5215,44.9955,51.43725
615,0.344,0.69,1.036,1.39,1.744,2.106,2.468,2.84025
616,0.387,0.77625,1.1655,1.56375,1.962,2.36925,2.7765,3.19725
617,0.043,0.08625,0.1295,0.17375,0.218,0.26375,0.3095,0.35675
618,0.086,0.1725,0.259,0.3475,0.436,0.52775,0.61925,0.71375
623,0.215,0.43125,0.6475,0.87,1.0925,1.3235,1.5545,1.793
624,0.043,0.08625,0.1295,0.174,0.2185,0.26475,0.311,0.35875
625,4.472,8.97,13.468,18.08275,22.6975,27.381,32.0645,36.804
626,12.04,24.15,36.26,48.696,61.132,73.8325,86.533,99.4345
627,1.849,3.70875,5.5685,7.47125,9.374,11.31725,13.2605,15.1725
628,0.516,1.035,1.554,2.082,2.613,3.153,3.693,4.245
629,0.86,1.725,2.59,3.47,4.355,5.255,6.155,7.075
630,0.043,0.08625,0.1295,0.17375,0.218,0.26325,0.3085,0.355
631,1.591,3.19125,4.7915,6.42875,8.066,9.74025,11.4145,13.137
632,0.172,0.345,0.518,0.695,0.872,1.054,1.236,1.424
641,0.387,0.77625,1.1655,1.566,1.9665,2.376,2.7855,3.1905
642,3.956,7.935,11.914,15.9915,20.069,24.23,28.391,32.56775
643,5.848,11.73,17.612,23.624,29.636,35.76,41.884,47.912
644,0.645,1.29375,1.9425,2.6025,3.26625,3.94125,4.61625,5.30625
645,0.172,0.345,0.518,0.694,0.871,1.051,1.231,1.415
646,0.473,0.94875,1.4245,1.91125,2.398,2.89575,3.3935,3.905
647,0.774,1.5525,2.331,3.1275,3.924,4.7385,5.553,6.39
648,0.172,0.345,0.518,0.695,0.872,1.0535,1.235,1.4215
652,0.043,0.08625,0.1295,0.174,0.2185,0.2645,0.3105,0.358
657,5.031,10.09125,15.1515,20.358,25.5645,30.9185,36.2725,41.666
658,9.159,18.37125,27.5835,37.017,46.4505,55.9745,65.4985,74.92125
659,8.342,16.7325,25.123,33.6595,42.196,50.747,59.298,67.7465
661,0.215,0.43125,0.6475,0.8675,1.08875,1.31375,1.53875,1.76875
662,0.172,0.345,0.518,0.695,0.872,1.053,1.234,1.42
663,0.301,0.60375,0.9065,1.21625,1.526,1.84275,2.1595,2.485
664,1.075,2.15625,3.2375,4.34375,5.45,6.58275,7.7155,8.8795
665,0.172,0.345,0.518,0.6955,0.873,1.056,1.239,1.427
667,0.043,0.08625,0.1295,0.174,0.2185,0.2645,0.3105,0.358
668,0.043,0.08625,0.1295,0.174,0.2185,0.2645,0.3105,0.358
669,0.215,0.43125,0.6475,0.865,1.0825,1.3065,1.5305,1.753
671,0.043,0.08625,0.1295,0.174,0.2185,0.2645,0.3105,0.35775
672,0.129,0.25875,0.3885,0.522,0.6555,0.7935,0.9315,1.07325
673,4.429,8.88375,13.3385,17.922,22.5055,27.2435,31.9815,36.84825
674,11.954,23.9775,36.001,48.364,60.731,73.1655,85.6,97.96625
675,15.48,31.05,46.62,62.4645,78.309,94.202,110.095,125.7595
676,3.483,6.98625,10.4895,14.03325,17.577,21.141,24.705,28.20825
677,0.043,0.08625,0.1295,0.17375,0.218,0.26325,0.3085,0.35475
678,0.688,1.38,2.072,2.7785,3.4865,4.209,4.9315,5.67
680,0.043,0.08625,0.1295,0.17375,0.218,0.26325,0.3085,0.355
681,0.086,0.1725,0.259,0.3475,0.436,0.527,0.618,0.711
682,0.43,0.8625,1.295,1.7375,2.18,2.635,3.09,3.555
683,0.086,0.1725,0.259,0.3475,0.436,0.52725,0.6185,0.71225
686,4.429,8.88375,13.3385,17.9095,22.4805,27.20175,31.923,36.7745
687,4.171,8.36625,12.5615,16.75675,20.952,25.2685,29.585,33.82875
688,3.139,6.29625,9.4535,12.6275,15.8015,19.05,22.2985,25.49225
689,1.591,3.19125,4.7915,6.407,8.0285,9.678,11.3275,12.94975
690,2.279,4.57125,6.8635,9.22,11.577,14.0115,16.446,18.94175
691,7.998,16.0425,24.087,32.3545,40.62675,49.1495,57.67225,66.38475
692,14.233,28.54875,42.8645,57.4535,72.11275,86.775,101.43725,115.797
693,13.674,27.4275,41.181,55.143,69.10875,83.135,97.16125,110.9605
694,6.751,13.54125,20.3315,27.20025,34.069,40.977,47.885,54.67525
695,0.774,1.5525,2.331,3.1275,3.924,4.7385,5.553,6.3855
696,0.301,0.60375,0.9065,1.216,1.52575,1.8425,2.15925,2.483
697,0.086,0.1725,0.259,0.3475,0.436,0.5265,0.617,0.71
699,0.215,0.43125,0.6475,0.86875,1.09,1.31725,1.5445,1.77725
702,0.043,0.08625,0.1295,0.174,0.2185,0.2645,0.3105,0.358
703,0.688,1.38,2.072,2.784,3.496,4.22975,4.9635,5.719
704,4.73,9.4875,14.245,19.0825,23.92,28.89575,33.8715,38.89275
705,2.107,4.22625,6.3455,8.48075,10.616,12.8025,14.989,17.14675
706,3.827,7.67625,11.5255,15.397,19.288,23.229,27.17,31.00525
707,3.139,6.29625,9.4535,12.66,15.877,19.1615,22.446,25.71675
708,3.784,7.59,11.396,15.304,19.216,23.236,27.256,31.35
709,4.128,8.28,12.432,16.656,20.904,25.152,29.4,33.552
710,4.128,8.28,12.432,16.63325,20.83575,25.061,29.28625,33.43825
711,1.204,2.415,3.626,4.851,6.076,7.308,8.54,9.751
712,0.215,0.43125,0.6475,0.86875,1.09,1.31625,1.5425,1.77375
713,1.333,2.67375,4.0145,5.3855,6.75725,8.16,9.56275,10.9965
714,0.258,0.5175,0.777,1.0415,1.307,1.5785,1.85,2.1275
715,0.301,0.60375,0.9065,1.21625,1.526,1.84275,2.1595,2.485
716,0.043,0.08625,0.1295,0.17375,0.218,0.26325,0.3085,0.355
718,0.43,0.8625,1.295,1.7375,2.18,2.6325,3.085,3.5525
719,0.086,0.1725,0.259,0.3475,0.436,0.5275,0.619,0.713
722,0.989,1.98375,2.9785,4.002,5.0255,6.082,7.1385,8.22375
723,2.064,4.14,6.216,8.323,10.43,12.5945,14.759,16.9255
724,0.258,0.5175,0.777,1.0425,1.308,1.5795,1.851,2.1285
725,0.516,1.035,1.554,2.085,2.616,3.159,3.702,4.257
726,0.688,1.38,2.072,2.78,3.488,4.212,4.936,5.676
727,0.344,0.69,1.036,1.39,1.744,2.106,2.468,2.84
729,0.301,0.60375,0.9065,1.21625,1.526,1.84275,2.1595,2.485
730,0.172,0.345,0.518,0.695,0.872,1.0535,1.235,1.4215
734,0.301,0.60375,0.9065,1.21725,1.528,1.84925,2.1705,2.5005
735,0.086,0.1725,0.259,0.3475,0.436,0.5275,0.619,0.713
736,0.086,0.1725,0.259,0.3475,0.436,0.5265,0.617,0.7095
737,0.989,1.98375,2.9785,3.99625,5.014,6.05475,7.0955,8.15925
738,0.043,0.08625,0.1295,0.17375,0.218,0.26325,0.3085,0.35475
739,0.172,0.345,0.518,0.695,0.872,1.053,1.234,1.419
740,0.086,0.1725,0.259,0.3475,0.436,0.5275,0.619,0.7125
745,0.172,0.345,0.518,0.695,0.872,1.055,1.238,1.425
746,0.559,1.12125,1.6835,2.25875,2.834,3.42875,4.0235,4.63125
747,0.172,0.345,0.518,0.695,0.872,1.053,1.234,1.419
749,0.129,0.25875,0.3885,0.52125,0.654,0.78975,0.9255,1.06425
750,0.129,0.25875,0.3885,0.52125,0.654,0.79125,0.9285,1.06875
755,0.645,1.29375,1.9425,2.60625,3.27,3.953,4.636,5.334
756,2.021,4.05375,6.0865,8.16625,10.246,12.39625,14.5465,16.74375
760,0.043,0.08625,0.1295,0.17375,0.218,0.26375,0.3095,0.35625
761,0.043,0.08625,0.1295,0.17375,0.218,0.26375,0.3095,0.35625
763,3.612,7.245,10.878,14.595,18.312,22.1345,25.957,29.8635
764,1.333,2.67375,4.0145,5.38625,6.758,8.1695,9.581,11.025
765,0.043,0.08625,0.1295,0.17375,0.218,0.26325,0.3085,0.355
767,1.591,3.19125,4.7915,6.42875,8.066,9.74025,11.4145,13.135
768,1.032,2.07,3.108,4.17,5.232,6.318,7.404,8.52
770,0.731,1.46625,2.2015,2.95375,3.706,4.47525,5.2445,6.035
771,2.279,4.57125,6.8635,9.20875,11.554,13.95225,16.3505,18.815
772,0.043,0.08625,0.1295,0.17375,0.218,0.26325,0.3085,0.355
773,1.376,2.76,4.144,5.56,6.976,8.424,9.872,11.36
774,1.548,3.105,4.662,6.255,7.848,9.477,11.106,12.78
775,1.505,3.01875,4.5325,6.08125,7.63,9.21375,10.7975,12.425
776,1.505,3.01875,4.5325,6.08125,7.63,9.21375,10.7975,12.425
777,1.376,2.76,4.144,5.56,6.976,8.424,9.872,11.36
778,0.086,0.1725,0.259,0.348,0.437,0.5285,0.62,0.7135
779,0.301,0.60375,0.9065,1.218,1.5295,1.84975,2.17,2.49725
780,0.129,0.25875,0.3885,0.522,0.6555,0.79275,0.93,1.07025
782,0.473,0.94875,1.4245,1.914,2.4035,2.90675,3.41,3.927
783,0.817,1.63875,2.4605,3.306,4.1515,5.02075,5.89,6.77825
784,0.903,1.81125,2.7195,3.654,4.5885,5.54925,6.51,7.49175
785,0.301,0.60375,0.9065,1.218,1.5295,1.84975,2.17,2.499
786,0.215,0.43125,0.6475,0.87,1.0925,1.32125,1.55,1.785
787,0.473,0.94875,1.4245,1.914,2.4035,2.90675,3.41,3.92425
788,1.118,2.2425,3.367,4.524,5.681,6.8705,8.06,9.2755
789,0.258,0.5175,0.777,1.044,1.311,1.5855,1.86,2.142
790,1.333,2.67375,4.0145,5.394,6.7735,8.19175,9.61,11.06475
791,1.247,2.50125,3.7555,5.046,6.3365,7.66325,8.99,10.3525
792,0.129,0.25875,0.3885,0.522,0.6555,0.79275,0.93,1.071
793,0.043,0.08625,0.1295,0.174,0.2185,0.26425,0.31,0.357
794,0.688,1.38,2.072,2.784,3.496,4.228,4.96,5.712
795,1.72,3.45,5.18,6.96,8.74,10.57,12.4,14.28
797,0.129,0.25875,0.3885,0.522,0.6555,0.79275,0.93,1.071
