id,UKERC7,UKERC9w,UKERC9
1,0,0,0
2,0,0,0
3,0,0,0
4,0.16,0.18,0.2
5,0.14,0.15,0.23
6,0.16,0.17,0.19
7,0.07,0.07,0.13
8,0.09,0.08,0.1
9,0.34,0.33,0.35
10,0.46,0.4,0.65
11,0.03,0.02,0.03
12,0.21,0.23,0.23
13,0.31,0.62,0.64
14,0.47,0.44,0.49
15,0.31,0.24,0.31
16,0.32,0.18,0.34
17,0.38,0.33,0.42
18,0.05,0.04,0.05
19,0.04,0.02,0.04
20,0.24,0.19,0.24
21,0.04,0.04,0.04
22,0.03,0.04,0.04
23,0.06,0.05,0.07
24,0.27,0.22,0.31
25,0.48,0.42,0.48
26,0.64,0.45,0.67
27,0.34,0.26,0.39
28,0.19,0.18,0.21
29,0.04,0.02,0.04
30,0.21,0.2,0.25
31,0.51,0.47,0.54
32,0.63,0.63,0.66
33,0.32,0.28,0.32
34,0.31,0.25,0.31
35,0.11,0.06,0.11
36,0.28,0.13,0.28
37,0.48,0.34,0.51
38,0.56,0.49,0.6
39,0.59,0.53,0.59
40,0.44,0.33,0.44
41,0.64,0.6,0.71
42,0.51,0.36,0.57
43,0.56,0.5,0.6
44,0.61,0.52,0.64
45,0.79,0.68,0.81
46,0.2,0.19,0.2
47,0.04,0.04,0.04
48,0.23,0.21,0.23
49,0.28,0.19,0.28
50,0.39,0.19,0.39
51,0.57,0.22,0.61
52,0.6,0.43,0.6
53,0.54,0.37,0.54
54,0.68,0.65,0.83
55,0.67,0.68,0.84
56,0.91,0.98,1
57,0.64,0.48,0.69
58,0.76,0.57,0.76
59,0.21,0.19,0.21
60,0.01,0.01,0.01
61,0.12,0.15,0.15
62,0.36,0.34,0.41
63,0.41,0.16,0.41
64,0.56,0.88,0.93
65,0.7,0.73,0.85
66,0.53,0.34,0.57
67,0.49,0.44,0.64
68,0.77,0.95,1
69,0.93,0.97,1
70,0.87,0.72,0.94
71,0.59,0.35,0.59
72,0.54,0.45,0.54
73,0.22,0.22,0.22
74,0.15,0.2,0.21
75,0.06,0.07,0.07
76,0.1,0.11,0.11
77,0.21,0.21,0.22
78,0.04,0.04,0.05
79,0.27,0.31,0.37
80,0.42,0.42,0.47
81,0.31,0.29,0.39
82,0.4,0.29,0.41
83,0.47,0.25,0.49
84,0.83,0.92,0.93
85,0.95,0.9,1
86,0.74,0.72,0.98
87,0.84,0.44,0.87
88,0.51,0.28,0.51
89,0.43,0.39,0.52
90,0.17,0.17,0.18
91,0.03,0.03,0.03
92,0.02,0.02,0.02
93,0.31,0.39,0.43
94,0.41,0.54,0.56
95,0.29,0.27,0.35
96,0.49,0.45,0.64
97,0.58,0.75,0.85
98,0.2,0.22,0.24
99,0.24,0.23,0.27
100,0.41,0.4,0.52
101,0.32,0.43,0.48
102,0.11,0.11,0.12
103,0.05,0.04,0.06
104,0.3,0.38,0.42
105,0.21,0.15,0.21
106,0.21,0.14,0.21
107,0.19,0.09,0.2
108,0.45,0.3,0.47
109,0.38,0.49,0.54
110,0.62,0.38,0.63
111,0.81,0.6,0.81
112,0.44,0.39,0.44
113,0.17,0.15,0.2
114,0.76,0.62,0.81
115,0.67,0.65,0.76
116,0.55,0.55,0.7
117,0.48,0.67,0.71
118,0.57,0.79,0.84
119,0.37,0.51,0.54
120,0.2,0.09,0.22
121,0.43,0.13,0.44
122,0.42,0.27,0.42
123,0.81,0.78,0.81
124,0.51,0.44,0.51
125,0.33,0.38,0.49
126,0.22,0.26,0.37
127,0.22,0.22,0.31
128,0.21,0.14,0.25
129,0.08,0.07,0.08
130,0.08,0.08,0.08
131,0.18,0.18,0.18
132,0.04,0.04,0.04
133,0.04,0.04,0.04
134,0.24,0.31,0.32
135,0.04,0.04,0.04
136,0.07,0.07,0.07
137,0.17,0.1,0.17
138,0.06,0.03,0.06
139,0.2,0.04,0.2
140,0.14,0.09,0.15
141,0.08,0.05,0.08
142,0.22,0.19,0.22
143,0.47,0.33,0.47
144,0.54,0.49,0.54
145,0.12,0.08,0.14
146,0.42,0.71,0.8
147,0.48,0.72,0.84
148,0.18,0.31,0.34
149,0.46,0.76,0.81
150,0.28,0.69,0.83
151,0.56,0.68,0.78
152,0.4,0.43,0.53
153,0.34,0.22,0.43
154,0.25,0.27,0.37
155,0.45,0.37,0.48
156,0.74,0.55,0.84
157,0.96,0.53,1
158,0.88,0.49,0.95
159,0.52,0.39,0.58
160,0.47,0.43,0.47
161,0.56,0.53,0.57
162,0.35,0.41,0.44
163,0.26,0.29,0.31
164,0.34,0.24,0.37
165,0.43,0.33,0.5
166,0.51,0.64,0.66
167,0.44,0.47,0.47
168,0.58,0.64,0.65
169,0.55,0.7,0.72
170,0.57,0.51,0.64
171,0.55,0.55,0.55
172,0.18,0.18,0.18
173,0.01,0.01,0.01
174,0.03,0.03,0.03
175,0.28,0.24,0.38
176,0.11,0.05,0.11
177,0.2,0.11,0.2
178,0.35,0.15,0.35
179,0.51,0.21,0.51
180,0.3,0.09,0.3
181,0.22,0.12,0.22
182,0.71,0.5,0.71
183,0.14,0.11,0.15
184,0.37,0.64,0.82
185,0.36,0.57,0.77
186,0.17,0.1,0.17
187,0.27,0.23,0.27
188,0.28,0.23,0.3
189,0.12,0.08,0.12
190,0.1,0.08,0.1
191,0.35,0.28,0.41
192,0.18,0.18,0.27
193,0.16,0.09,0.27
194,0.51,0.48,0.62
195,0.89,0.56,1
196,0.55,0.43,0.74
197,0.76,0.68,0.76
198,0.37,0.21,0.46
199,0.3,0.26,0.38
200,0.44,0.2,0.59
201,0.57,0.31,0.74
202,0.65,0.24,0.84
203,0.5,0.62,0.74
204,0.29,0.3,0.38
205,0.39,0.5,0.59
206,0.48,0.59,0.66
207,0.32,0.28,0.34
208,0.16,0.13,0.19
209,0.3,0.57,0.68
210,0.47,0.44,0.8
211,0.42,0.67,0.8
212,0.17,0.18,0.18
213,0.23,0.23,0.23
214,0.24,0.33,0.41
215,0.11,0.06,0.12
216,0.49,0.36,0.53
217,0.18,0.12,0.18
218,0.42,0.28,0.42
219,0.47,0.31,0.47
220,0.39,0.3,0.4
221,0.74,0.48,0.76
222,0.51,0.37,0.51
223,0.08,0.07,0.08
224,0.31,0.27,0.31
225,0.41,0.38,0.41
226,0.47,0.47,0.47
227,0.07,0.05,0.07
228,0.14,0.12,0.14
229,0.09,0.09,0.09
230,0.25,0.32,0.37
231,0.51,0.55,0.77
232,0.25,0.25,0.35
233,0.13,0.15,0.21
234,0.27,0.1,0.35
235,0.31,0.08,0.32
236,0.44,0.34,0.5
237,0.11,0.18,0.3
238,0.2,0.27,0.45
239,0.43,0.5,0.73
240,0.48,0.35,0.83
241,0.38,0.32,0.79
242,0.25,0.14,0.35
243,0.1,0.04,0.1
244,0.21,0.21,0.39
245,0.37,0.39,0.61
246,0.39,0.35,0.57
247,0.36,0.67,0.9
248,0.45,0.68,0.9
249,0.45,0.65,0.92
250,0.33,0.54,0.77
251,0.3,0.42,0.43
252,0.29,0.29,0.29
253,0,0,0
254,0.37,0.38,0.39
255,0.62,0.53,0.62
256,0.74,0.49,0.76
257,0.74,0.79,0.85
258,0.82,0.98,1
259,0.7,0.93,0.99
260,0.6,0.53,0.67
261,0.52,0.34,0.58
262,0.35,0.3,0.39
263,0.61,0.6,0.61
264,0.6,0.53,0.6
265,0.28,0.23,0.28
266,0.25,0.24,0.25
267,0.28,0.15,0.34
268,0.23,0.37,0.41
269,0.35,0.35,0.57
270,0.33,0.32,0.51
271,0.32,0.25,0.32
272,0.38,0.2,0.38
273,0.12,0.02,0.12
274,0.23,0.15,0.23
275,0.1,0.08,0.18
276,0.19,0.1,0.26
277,0.37,0.38,0.64
278,0.8,0.19,0.87
279,0.6,0.2,0.88
280,0.17,0.04,0.18
281,0.28,0.14,0.29
282,0.67,0.35,0.75
283,0.58,0.44,0.86
284,0.6,0.69,0.95
285,0.6,0.62,0.91
286,0.52,0.59,0.94
287,0.28,0.4,0.77
288,0.23,0.42,0.64
289,0.23,0.11,0.25
290,0.2,0.06,0.2
291,0.36,0.35,0.4
292,0.21,0.21,0.21
293,0,0,0
294,0,0,0
295,0.23,0.3,0.31
296,0.42,0.38,0.48
297,0.52,0.7,0.78
298,0.91,0.99,1
299,0.9,0.84,0.93
300,0.78,0.63,0.81
301,0.14,0.15,0.15
302,0.25,0.2,0.27
303,0.11,0.11,0.11
304,0.3,0.3,0.3
305,0.81,0.81,0.81
306,0.63,0.58,0.65
307,0.2,0.16,0.2
308,0.29,0.1,0.32
309,0.49,0.39,0.65
310,0.62,0.63,0.66
311,0.5,0.49,0.5
312,0.67,0.66,0.67
313,0.23,0.18,0.23
314,0.25,0.18,0.25
315,0.14,0.05,0.15
316,0.11,0.04,0.11
317,0.23,0.07,0.23
318,0.22,0.1,0.27
319,0.65,0.33,0.74
320,0.65,0.5,0.87
321,0.58,0.54,0.83
322,0.46,0.19,0.62
323,0.17,0.13,0.17
324,0.13,0.09,0.13
325,0.11,0.38,0.53
326,0.39,0.54,0.73
327,0.29,0.35,0.57
328,0.11,0.1,0.13
329,0.05,0.02,0.05
330,0.16,0.09,0.16
331,0.29,0.28,0.38
332,0.47,0.43,0.69
333,0.5,0.48,0.62
334,0.26,0.28,0.28
335,0.06,0.06,0.06
336,0.06,0.06,0.06
337,0.27,0.29,0.33
338,0.63,0.72,0.8
339,0.25,0.73,0.79
340,0.37,0.27,0.37
341,0.2,0.12,0.21
342,0.26,0.21,0.26
343,0.4,0.35,0.4
344,0.53,0.55,0.56
345,0.48,0.47,0.51
346,0.3,0.28,0.39
347,0.21,0.22,0.4
348,0.14,0.16,0.3
349,0.11,0.09,0.17
350,0.4,0.3,0.4
351,0.3,0.1,0.3
352,0.93,0.61,0.93
353,0.67,0.38,0.68
354,0.42,0.23,0.45
355,0.57,0.35,0.69
356,0.5,0.36,0.58
357,0.58,0.37,0.59
358,0.37,0.32,0.61
359,0.44,0.38,0.65
360,0.29,0.11,0.32
361,0.44,0.36,0.48
362,0.24,0.2,0.41
363,0.29,0.08,0.39
364,0.39,0.15,0.54
365,0.38,0.2,0.51
366,0.08,0.08,0.08
367,0.22,0.21,0.22
368,0.11,0.11,0.11
369,0.16,0.1,0.16
370,0.17,0.15,0.17
371,0.24,0.22,0.24
372,0.31,0.15,0.31
373,0.36,0.39,0.42
374,0.43,0.32,0.45
375,0.86,0.84,0.91
376,0.2,0.17,0.23
377,0.15,0.12,0.15
378,0.25,0.27,0.3
379,0.26,0.32,0.42
380,0.22,0.09,0.36
381,0.25,0.33,0.54
382,0.33,0.35,0.53
383,0.35,0.19,0.38
384,0.3,0.11,0.3
385,0.41,0.16,0.41
386,0.87,0.52,0.87
387,0.69,0.4,0.69
388,0.64,0.48,0.67
389,0.77,0.6,0.77
390,0.98,0.98,0.98
391,0.85,0.77,0.85
392,0.59,0.41,0.59
393,0.33,0.25,0.48
394,0.5,0.27,0.57
395,0.75,0.52,0.77
396,0.28,0.26,0.36
397,0.36,0.33,0.36
398,0.34,0.24,0.34
399,0.47,0.18,0.47
400,0.17,0.13,0.17
401,0.23,0.23,0.23
402,0.01,0.01,0.01
403,0.27,0.26,0.27
404,0.17,0.15,0.17
405,0.16,0.07,0.16
406,0.65,0.53,0.65
407,0.12,0.12,0.12
408,0.01,0.01,0.01
409,0.4,0.28,0.4
410,0.73,0.6,0.74
411,0.73,0.72,0.74
412,0.4,0.43,0.56
413,0.37,0.32,0.43
414,0.18,0.13,0.19
415,0.14,0.19,0.2
416,0.26,0.41,0.42
417,0.26,0.28,0.38
418,0.08,0.1,0.21
419,0.1,0.09,0.29
420,0.31,0.18,0.63
421,0.46,0.52,0.74
422,0.6,0.58,0.63
423,0.19,0.15,0.19
424,0.59,0.28,0.59
425,0.68,0.68,0.71
426,0.92,0.9,0.92
427,0.99,0.94,0.99
428,1,1,1
429,0.94,0.9,0.94
430,0.62,0.55,0.62
431,0.36,0.34,0.39
432,0.37,0.28,0.37
433,0.24,0.23,0.24
434,0.19,0.19,0.19
435,0.01,0.01,0.01
436,0.05,0.05,0.05
437,0.18,0.32,0.34
438,0.23,0.25,0.25
439,0.07,0.07,0.07
440,0.22,0.21,0.22
441,0.57,0.35,0.58
442,0.8,0.73,0.8
443,0.58,0.43,0.59
444,0.86,0.63,0.86
445,0.65,0.5,0.65
446,0.6,0.59,0.61
447,0.27,0.27,0.27
448,0.22,0.18,0.22
449,0.29,0.24,0.29
450,0.24,0.19,0.32
451,0.02,0.22,0.29
452,0.06,0.04,0.07
453,0.12,0.1,0.12
454,0.56,0.55,0.58
455,0.07,0.12,0.12
456,0.09,0.24,0.25
457,0.08,0.13,0.22
458,0.2,0.26,0.32
459,0.37,0.26,0.61
460,0.51,0.51,0.8
461,0.6,0.46,0.63
462,0.65,0.39,0.65
463,0.6,0.49,0.62
464,1,1,1
465,1,1,1
466,1,1,1
467,0.9,0.91,0.91
468,0.5,0.47,0.51
469,0.21,0.18,0.21
470,0.47,0.45,0.48
471,0.41,0.4,0.41
472,0.2,0.19,0.2
473,0.06,0.06,0.06
474,0.25,0.39,0.42
475,0.13,0.2,0.2
476,0.03,0.03,0.03
477,0.35,0.46,0.46
478,0.72,0.81,0.85
479,0.68,0.62,0.68
480,0.85,0.71,0.85
481,1,0.59,1
482,1,0.84,1
483,0.98,0.71,0.98
484,0.82,0.72,0.82
485,0.9,0.68,0.9
486,0.7,0.53,0.7
487,0.6,0.29,0.63
488,0.34,0.24,0.39
489,0.14,0.11,0.14
490,0.5,0.42,0.54
491,0.24,0.38,0.51
492,0.01,0.03,0.05
493,0.13,0.19,0.2
494,0.06,0.05,0.06
495,0.1,0.07,0.1
496,0.07,0.04,0.07
497,0.12,0.13,0.13
498,0.26,0.25,0.3
499,0.13,0.11,0.18
500,0.78,0.54,0.86
501,0.72,0.64,0.85
502,0.53,0.42,0.7
503,0.51,0.43,0.6
504,0.65,0.6,0.65
505,0.72,0.68,0.72
506,0.9,0.88,0.9
507,0.52,0.39,0.52
508,0.33,0.26,0.33
509,0.31,0.23,0.31
510,0.28,0.25,0.28
511,0.34,0.32,0.34
512,0.15,0.16,0.17
513,0.03,0.03,0.03
514,0.06,0.11,0.11
515,0.21,0.37,0.37
516,0.36,0.38,0.41
517,0.18,0.4,0.48
518,0.37,0.35,0.41
519,0.16,0.16,0.16
520,0.31,0.25,0.32
521,0.5,0.37,0.5
522,0.59,0.45,0.61
523,0.73,0.62,0.74
524,0.95,0.65,0.96
525,0.99,0.37,0.99
526,0.94,0.74,0.98
527,0.97,0.77,0.97
528,0.95,0.92,0.95
529,0.99,0.94,1
530,0.49,0.39,0.54
531,0.54,0.51,0.62
532,0.75,0.34,0.8
533,0.44,0.17,0.44
534,0.2,0.19,0.2
535,0.83,0.81,0.9
536,0.41,0.35,0.61
537,0.15,0.31,0.36
538,0.06,0.13,0.15
539,0.13,0.14,0.15
540,0.09,0.1,0.1
541,0.35,0.23,0.35
542,0.48,0.39,0.48
543,0.04,0.03,0.04
544,0.14,0.11,0.15
545,0.46,0.42,0.72
546,0.41,0.5,0.7
547,0.4,0.37,0.44
548,0.39,0.36,0.39
549,0.29,0.17,0.29
550,0.45,0.29,0.47
551,0.24,0.13,0.24
552,0.06,0.04,0.06
553,0.11,0.07,0.11
554,0.3,0.23,0.3
555,0.1,0.09,0.1
556,0.08,0.07,0.09
557,0.03,0.03,0.03
558,0.01,0.03,0.03
559,0.07,0.32,0.32
560,0.21,0.29,0.31
561,0.2,0.24,0.35
562,0.27,0.16,0.29
563,0.4,0.21,0.4
564,0.52,0.41,0.52
565,0.3,0.19,0.31
566,0.52,0.42,0.55
567,0.74,0.67,0.74
568,0.98,0.91,0.98
569,1,0.84,1
570,1,0.92,1
571,1,0.87,1
572,1,0.99,1
573,0.94,0.99,1
574,0.17,0.17,0.2
575,0.35,0.14,0.35
576,0.87,0.54,0.94
577,0.92,0.27,0.92
578,0.24,0.22,0.24
579,0.68,0.53,0.72
580,0.55,0.5,0.73
581,0.37,0.41,0.61
582,0.06,0.27,0.28
583,0.1,0.17,0.24
584,0.27,0.16,0.32
585,0.31,0.23,0.35
586,0.37,0.34,0.37
587,0.16,0.06,0.16
588,0.05,0.04,0.05
589,0.28,0.24,0.28
590,0.37,0.32,0.51
591,0.12,0.14,0.28
592,0.22,0.19,0.22
593,0.34,0.24,0.34
594,0.35,0.29,0.35
595,0.32,0.27,0.32
596,0.03,0,0.03
597,0.03,0.03,0.03
598,0.07,0.06,0.07
599,0.12,0.09,0.12
600,0.24,0.24,0.24
601,0.3,0.29,0.3
602,0.24,0.24,0.24
603,0.06,0.06,0.06
604,0,0,0
605,0.14,0.39,0.39
606,0.18,0.34,0.36
607,0.13,0.07,0.13
608,0.24,0.15,0.27
609,0.37,0.24,0.42
610,0.55,0.33,0.55
611,0.69,0.54,0.69
612,0.79,0.68,0.79
613,0.68,0.54,0.68
614,0.64,0.66,0.72
615,0.85,0.88,0.92
616,0.95,0.92,1
617,0.82,1,1
618,0.8,0.93,0.98
619,0.8,0.9,0.94
620,0.97,0.9,1
621,0.7,0.67,0.72
622,0.51,0.4,0.51
623,0.22,0.18,0.24
624,0.6,0.29,0.6
625,0.23,0.09,0.23
626,0.4,0.37,0.4
627,0.61,0.64,0.66
628,0.44,0.6,0.66
629,0.18,0.49,0.59
630,0.05,0.24,0.33
631,0.08,0.11,0.14
632,0.08,0.05,0.08
633,0.1,0.1,0.1
634,0.03,0.03,0.03
635,0.09,0.06,0.09
636,0.04,0.04,0.04
637,0.19,0.17,0.19
638,0.53,0.55,0.57
639,0.17,0.13,0.17
640,0.31,0.28,0.31
641,0.03,0.03,0.03
642,0.1,0.08,0.1
643,0.12,0.05,0.13
644,0.06,0.06,0.06
645,0.16,0.14,0.16
646,0.09,0.05,0.09
647,0.32,0.29,0.33
648,0.25,0.2,0.25
649,0.08,0.06,0.08
650,0.19,0.16,0.2
651,0,0.02,0.02
652,0.07,0.2,0.2
653,0.3,0.21,0.34
654,0.79,0.96,0.99
655,0.51,0.68,0.71
656,0.42,0.19,0.42
657,0.68,0.49,0.68
658,0.79,0.44,0.8
659,0.98,0.55,0.98
660,0.76,0.71,0.76
661,0.7,0.68,0.78
662,0.99,0.83,1
663,0.96,0.98,0.98
664,0.63,0.57,0.69
665,0.57,0.6,0.67
666,1,0.98,1
667,0.53,0.36,0.53
668,0.17,0.09,0.17
669,0.57,0.39,0.65
670,0.26,0.11,0.29
671,0.29,0.2,0.33
672,0.27,0.26,0.29
673,0.25,0.25,0.26
674,0.29,0.37,0.42
675,0.26,0.47,0.61
676,0.04,0.09,0.12
677,0.09,0.12,0.13
678,0.1,0.09,0.1
679,0.06,0.06,0.06
680,0.04,0.03,0.04
681,0.06,0.04,0.06
682,0.43,0.43,0.45
683,0.27,0.11,0.27
684,0.28,0.18,0.28
685,0.21,0.18,0.23
686,0.18,0.16,0.18
687,0.05,0.04,0.05
688,0.02,0.01,0.02
689,0.1,0.06,0.1
690,0.05,0.04,0.05
691,0.05,0.03,0.05
692,0.02,0.02,0.02
693,0.01,0.12,0.18
694,0.1,0.23,0.35
695,0.15,0.15,0.19
696,0.27,0.27,0.31
697,0.06,0.08,0.08
698,0.01,0.03,0.03
699,0.02,0.07,0.07
700,0.07,0.22,0.22
701,0.33,0.43,0.54
702,0.3,0.14,0.3
703,0.55,0.42,0.55
704,0.63,0.54,0.63
705,0.74,0.65,0.74
706,0.93,0.83,0.93
707,0.92,0.77,0.92
708,0.93,0.53,0.93
709,0.89,0.85,0.89
710,1,0.97,1
711,0.76,0.69,0.76
712,0.65,0.6,0.66
713,0.53,0.39,0.53
714,0.53,0.35,0.53
715,0.43,0.38,0.43
716,0.12,0.06,0.12
717,0.51,0.48,0.6
718,0.23,0.21,0.24
719,0.21,0.21,0.24
720,0.17,0.12,0.17
721,0.12,0.2,0.21
722,0.07,0.08,0.09
723,0.11,0.2,0.25
724,0.16,0.15,0.16
725,0.04,0.04,0.04
726,0.14,0.05,0.14
727,0.11,0.07,0.11
728,0.36,0.35,0.38
729,0.05,0.06,0.06
730,0.21,0.21,0.22
731,0.18,0.12,0.19
732,0.04,0.04,0.04
733,0.12,0.12,0.12
734,0.1,0.09,0.1
735,0.03,0.02,0.03
736,0.12,0.1,0.12
737,0.02,0.01,0.02
738,0.1,0.09,0.1
739,0.02,0.02,0.02
740,0.06,0.05,0.06
741,0.43,0.4,0.45
742,0.19,0.18,0.28
743,0.18,0.13,0.25
744,0.07,0.08,0.08
745,0.03,0.03,0.03
746,0.06,0.05,0.06
747,0.32,0.22,0.32
748,0.23,0.15,0.23
749,0.62,0.53,0.65
750,0.75,0.63,0.75
751,1,0.71,1
752,1,0.7,1
753,0.64,0.54,0.64
754,0.7,0.61,0.7
755,0.94,0.92,0.94
756,0.61,0.54,0.61
757,0.15,0.12,0.15
758,0.3,0.14,0.3
759,0.18,0.05,0.18
760,0.19,0.08,0.19
761,0.31,0.15,0.33
762,0.43,0.4,0.43
763,0.04,0.03,0.04
764,0.16,0.13,0.16
765,0.11,0.09,0.11
766,0.12,0.1,0.12
767,0.02,0.01,0.02
768,0.01,0,0.01
769,0.03,0.01,0.03
770,0.04,0.03,0.04
771,0.16,0.12,0.16
772,0.13,0.02,0.13
773,0.06,0.05,0.06
774,0.27,0.22,0.27
775,0.11,0.11,0.12
776,0.04,0.02,0.04
777,0.09,0.07,0.09
778,0.27,0.27,0.27
779,0.04,0.04,0.04
780,0.07,0.04,0.07
781,0.03,0.02,0.03
782,0.04,0.03,0.04
783,0.05,0.01,0.05
784,0.09,0.08,0.09
785,0.07,0.05,0.07
786,0.07,0.08,0.09
787,0.31,0.11,0.4
788,0.26,0.37,0.45
789,0.14,0.1,0.14
790,0.51,0.43,0.52
791,0.67,0.62,0.67
792,0.95,0.76,0.95
793,1,0.91,1
794,0.91,0.87,0.91
795,0.5,0.43,0.51
796,0.76,0.66,0.76
797,0.77,0.57,0.77
798,0.56,0.34,0.56
799,0.5,0.29,0.5
800,0.12,0.09,0.12
801,0.22,0.11,0.22
802,0.39,0.14,0.39
803,0.27,0.19,0.28
804,0.08,0.06,0.08
805,0.33,0.3,0.34
806,0.07,0.03,0.07
807,0.14,0.12,0.14
808,0.2,0.18,0.2
809,0.04,0.04,0.04
810,0.12,0.12,0.12
811,0.06,0.04,0.06
812,0.47,0.46,0.47
813,0.24,0.23,0.24
814,0.15,0.12,0.15
815,0.04,0.03,0.04
816,0.21,0.21,0.23
817,0.03,0.03,0.04
818,0.06,0.06,0.06
819,0.28,0.27,0.28
820,0.27,0.27,0.27
821,0.15,0.15,0.15
822,0.13,0.13,0.13
823,0.19,0.16,0.2
824,0.07,0.03,0.07
825,0.03,0.02,0.03
826,0.06,0.03,0.06
827,0.03,0.02,0.03
828,0.05,0.04,0.05
829,0.24,0.21,0.26
830,0.31,0.25,0.31
831,0.67,0.53,0.67
832,1,0.76,1
833,1,0.92,1
834,0.92,0.91,0.92
835,0.96,0.78,0.96
836,0.96,0.92,0.96
837,0.86,0.87,0.89
838,0.67,0.49,0.7
839,0.71,0.44,0.71
840,0.39,0.37,0.43
841,0.28,0.19,0.29
842,0.55,0.13,0.55
843,0.32,0.28,0.32
844,0.32,0.23,0.32
845,0.28,0.25,0.28
846,0.21,0.19,0.21
847,0.18,0.14,0.18
848,0.41,0.33,0.41
849,0.15,0.14,0.16
850,0.13,0.13,0.13
851,0.02,0.02,0.02
852,0.05,0.05,0.05
853,0.18,0.17,0.18
854,0.18,0.17,0.18
855,0.03,0.03,0.03
856,0.02,0,0.02
857,0.18,0.17,0.19
858,0.14,0.12,0.14
859,0.26,0.26,0.26
860,0.55,0.54,0.55
861,0.26,0.22,0.26
862,0.76,0.64,0.76
863,0.43,0.14,0.43
864,0.06,0.04,0.06
865,0.11,0.09,0.11
866,0.18,0.16,0.18
867,0,0,0
868,0.05,0.04,0.05
869,0.29,0.29,0.44
870,0.05,0.06,0.06
871,0.15,0.14,0.15
872,0.83,0.73,0.83
873,1,0.91,1
874,1,0.64,1
875,0.91,0.85,0.91
876,0.89,0.85,0.89
877,0.95,0.92,0.97
878,0.88,0.94,0.98
879,0.83,0.62,0.88
880,0.49,0.44,0.6
881,0.36,0.59,0.68
882,0.13,0.16,0.2
883,0.31,0.09,0.31
884,0.31,0.17,0.31
885,0.78,0.7,0.78
886,0.98,0.98,0.98
887,0.72,0.71,0.72
888,0.09,0.08,0.09
889,0.48,0.47,0.48
890,0.03,0.03,0.03
891,0.06,0.06,0.06
892,0.02,0.02,0.02
893,0.1,0.1,0.1
894,0.2,0.17,0.2
895,0.19,0.02,0.19
896,0.05,0.04,0.05
897,0.11,0.09,0.11
898,0.34,0.29,0.34
899,0.69,0.69,0.69
900,0.83,0.83,0.83
901,0.59,0.59,0.59
902,0.78,0.78,0.78
903,0.71,0.47,0.72
904,0.81,0.21,0.81
905,0.46,0.23,0.46
906,0.23,0.21,0.23
907,0.17,0.15,0.17
908,0.26,0.25,0.26
909,0.02,0.02,0.02
910,0.05,0.06,0.1
911,0.12,0.14,0.2
912,0.04,0.05,0.05
913,0.79,0.74,0.8
914,1,0.76,1
915,1,0.9,1
916,0.88,0.78,0.88
917,0.67,0.59,0.67
918,0.72,0.66,0.72
919,0.4,0.33,0.41
920,0.55,0.64,0.67
921,0.68,0.82,0.87
922,0.21,0.39,0.55
923,0.09,0.03,0.12
924,0.25,0.13,0.25
925,0.24,0.2,0.24
926,0.96,0.96,0.96
927,0.82,0.79,0.82
928,0.56,0.52,0.56
929,0.08,0.07,0.11
930,0.33,0.32,0.33
931,0.2,0.2,0.2
932,0.2,0.19,0.2
933,0.09,0.08,0.09
934,0,0,0
935,0.18,0.11,0.18
936,0.16,0.06,0.16
937,0.09,0.04,0.09
938,0.34,0.33,0.35
939,0.79,0.78,0.79
940,0.95,0.95,0.95
941,0.81,0.81,0.81
942,0.86,0.86,0.86
943,0.9,0.9,0.9
944,0.54,0.22,0.54
945,0.93,0.61,0.93
946,0.21,0.09,0.21
947,0.06,0.05,0.06
948,0.06,0.06,0.06
949,0.05,0.03,0.05
950,0.2,0.28,0.29
951,0.24,0.4,0.45
952,0.27,0.29,0.31
953,0.27,0.33,0.33
954,0.93,0.94,1
955,0.95,0.56,0.97
956,0.98,0.9,0.98
957,0.94,0.81,0.94
958,0.68,0.62,0.68
959,0.88,0.83,0.88
960,0.6,0.5,0.6
961,0.42,0.44,0.53
962,0.14,0.21,0.25
963,0.15,0.11,0.17
964,0.5,0.25,0.57
965,0.2,0.14,0.2
966,0.21,0.18,0.21
967,0.5,0.49,0.5
968,0.43,0.4,0.43
969,0.16,0.12,0.16
970,0.28,0.26,0.28
971,0.02,0.02,0.02
972,0.07,0.07,0.07
973,0.65,0.64,0.65
974,0.36,0.36,0.36
975,0.05,0.02,0.05
976,0.13,0.1,0.13
977,0.18,0.14,0.19
978,0.12,0.07,0.12
979,0.33,0.32,0.34
980,0.44,0.44,0.44
981,0.74,0.74,0.74
982,0.33,0.33,0.33
983,0.53,0.53,0.53
984,0.27,0.23,0.27
985,0.36,0.21,0.36
986,0.35,0.29,0.35
987,0.07,0.07,0.07
988,0.05,0.04,0.05
989,0.14,0.12,0.14
990,0.32,0.29,0.33
991,0.32,0.38,0.42
992,0.31,0.6,0.65
993,0.18,0.21,0.21
994,0,0,0
995,0.05,0.05,0.05
996,0.9,0.81,0.9
997,1,0.75,1
998,0.78,0.6,0.78
999,0.23,0.14,0.23
1000,0.31,0.31,0.31
1001,0.63,0.44,0.63
1002,0.24,0.18,0.24
1003,0.08,0.08,0.08
1004,0.17,0.15,0.17
1005,0.23,0.19,0.23
1006,0.39,0.36,0.39
1007,0.16,0.13,0.16
1008,0.04,0.04,0.04
1009,0.32,0.21,0.32
1010,0.49,0.3,0.53
1011,0.1,0.1,0.11
1012,0.13,0.11,0.14
1013,0.16,0.14,0.16
1014,0.34,0.26,0.34
1015,0.45,0.33,0.45
1016,0.17,0.17,0.17
1017,0.05,0.05,0.05
1018,0.07,0.05,0.07
1019,0.07,0.01,0.07
1020,0.07,0.05,0.07
1021,0.63,0.62,0.63
1022,0.2,0.2,0.2
1023,0.05,0.05,0.05
1024,0.13,0.13,0.13
1025,0.07,0.07,0.07
1026,0.18,0.11,0.18
1027,0.13,0.03,0.13
1028,0.1,0.09,0.1
1029,0.09,0.08,0.09
1030,0.06,0.04,0.06
1031,0.29,0.14,0.29
1032,0.39,0.31,0.39
1033,0.37,0.35,0.43
1034,0.22,0.31,0.4
1035,0.06,0.06,0.06
1036,0,0,0
1037,0.13,0.16,0.16
1038,0.01,0.01,0.01
1039,0.21,0.21,0.21
1040,0,0,0
1041,0.3,0.36,0.36
1042,1,0.94,1
1043,0.99,0.61,0.99
1044,0.66,0.57,0.66
1045,0,0,0
1046,0,0,0
1047,0,0,0
1048,0,0,0
1049,0.03,0.02,0.03
1050,0.03,0.03,0.03
1051,0.11,0.04,0.11
1052,0.02,0.02,0.02
1053,0.08,0.06,0.08
1054,0.03,0.03,0.03
1055,0.39,0.34,0.43
1056,0.15,0.08,0.15
1057,0.06,0.01,0.06
1058,0.47,0.46,0.47
1059,0.31,0.23,0.32
1060,0.23,0.2,0.23
1061,0.26,0.25,0.26
1062,0.04,0.04,0.04
1063,0.06,0.06,0.06
1064,0.04,0.02,0.04
1065,0.04,0.02,0.04
1066,0.11,0.04,0.11
1067,0.15,0.15,0.15
1068,0.1,0.1,0.1
1069,0.07,0.07,0.07
1070,0.05,0.05,0.05
1071,0.04,0.04,0.04
1072,0.37,0.24,0.44
1073,0.08,0.02,0.08
1074,0.04,0.02,0.04
1075,0.1,0.07,0.11
1076,0.06,0.01,0.06
1077,0.13,0.04,0.13
1078,0.12,0.05,0.12
1079,0.32,0.32,0.34
1080,0.25,0.37,0.4
1081,0.12,0.12,0.12
1082,0.03,0.03,0.03
1083,0.26,0.26,0.26
1084,0.09,0.09,0.09
1085,0,0,0
1086,0.37,0.38,0.39
1087,0.96,0.9,0.99
1088,0.52,0.52,0.53
1089,0,0,0
1090,0,0,0
1091,0,0,0
1092,0,0,0
1093,0,0,0
1094,0,0,0
1095,0.08,0.07,0.08
1096,0.07,0.04,0.07
1097,0.07,0.06,0.07
1098,0.14,0.08,0.14
1099,0.14,0.08,0.14
1100,0.11,0.08,0.11
1101,0.11,0.1,0.11
1102,0.27,0.24,0.27
1103,0.21,0.21,0.21
1104,0.68,0.68,0.68
1105,0.65,0.65,0.65
1106,0.55,0.53,0.55
1107,0.12,0.1,0.13
1108,0.05,0.01,0.05
1109,0.13,0.05,0.13
1110,0.15,0.15,0.15
1111,0.02,0.01,0.02
1112,0.03,0.03,0.03
1113,0.1,0.1,0.1
1114,0.13,0.13,0.13
1115,0.02,0.02,0.02
1116,0.13,0.08,0.14
1117,0.07,0.05,0.08
1118,0.05,0.04,0.05
1119,0.14,0.09,0.14
1120,0.16,0.06,0.16
1121,0.02,0.02,0.02
1122,0.08,0.07,0.1
1123,0.02,0.01,0.02
1124,0,0,0
1125,0.06,0.06,0.06
1126,0.01,0.01,0.01
1127,0.11,0.11,0.11
1128,0.14,0.14,0.14
1129,0.04,0.04,0.04
1130,0.39,0.33,0.39
1131,0.93,0.75,0.93
1132,0.19,0.16,0.19
1133,0,0,0
1134,0,0,0
1135,0,0,0
1136,0,0,0
1137,0,0,0
1138,0,0,0
1139,0,0,0
1140,0,0,0
1141,0.03,0.03,0.03
1142,0.18,0.08,0.18
1143,0.68,0.55,0.68
1144,0.4,0.36,0.42
1145,0.49,0.19,0.49
1146,0.3,0.2,0.3
1147,0.11,0.09,0.11
1148,0.46,0.41,0.46
1149,0.36,0.33,0.36
1150,0.75,0.73,0.75
1151,0.53,0.52,0.53
1152,0.2,0.19,0.2
1153,0.03,0.03,0.03
1154,0.04,0.03,0.04
1155,0.08,0.07,0.08
1156,0.12,0.12,0.12
1157,0.03,0.03,0.03
1158,0.17,0.16,0.17
1159,0.05,0.05,0.05
1160,0.02,0.02,0.04
1161,0.07,0.09,0.1
1162,0.24,0.23,0.25
1163,0.09,0.11,0.13
1164,0.12,0.12,0.17
1165,0.18,0.08,0.21
1166,0.03,0.03,0.05
1167,0,0,0
1168,0.01,0.01,0.01
1169,0.09,0.09,0.09
1170,0.41,0.41,0.41
1171,0.06,0.06,0.06
1172,0.14,0.14,0.14
1173,0.4,0.4,0.4
1174,0,0,0
1175,0.1,0.09,0.1
1176,0,0,0
1177,0,0,0
1178,0.05,0.05,0.05
1179,0.03,0.03,0.03
1180,0,0,0
1181,0,0,0
1182,0,0,0
1183,0,0,0
1184,0.04,0.02,0.04
1185,0.18,0.17,0.18
1186,0.19,0.18,0.19
1187,0.7,0.63,0.71
1188,0.48,0.37,0.48
1189,0.95,0.93,0.96
1190,0.5,0.99,0.99
1191,0.57,0.61,0.71
1192,0.42,0.35,0.42
1193,0.37,0.32,0.37
1194,0.42,0.2,0.42
1195,0.1,0.06,0.1
1196,0.59,0.59,0.6
1197,0.14,0.1,0.14
1198,0.04,0.03,0.04
1199,0.06,0.05,0.06
1200,0.74,0.74,0.74
1201,0.2,0.19,0.2
1202,0.15,0.15,0.15
1203,0.15,0.15,0.15
1204,0.1,0.1,0.1
1205,0.03,0.03,0.03
1206,0.39,0.39,0.39
1207,0.35,0.35,0.35
1208,0,0,0
1209,0,0,0
1210,0,0,0
1211,0,0,0
1212,0,0,0
1213,0,0,0
1214,0.29,0.29,0.29
1215,0.96,0.96,0.96
1216,0.77,0.77,0.77
1217,0.1,0.1,0.1
1218,0,0,0
1219,0,0,0
1220,0,0,0
1221,0.12,0.07,0.12
1222,0.08,0.08,0.08
1223,0.22,0.18,0.22
1224,0.21,0.13,0.21
1225,0.61,0.6,0.69
1226,0.98,0.98,0.99
1227,0.32,0.99,0.99
1228,0.72,0.82,0.97
1229,0.45,0.29,0.45
1230,0.28,0.21,0.28
1231,0.46,0.36,0.46
1232,0.34,0.06,0.34
1233,0.13,0.12,0.13
1234,0.23,0.18,0.23
1235,0.22,0.22,0.23
1236,0.21,0.17,0.21
1237,0.57,0.56,0.57
1238,0.1,0.01,0.1
1239,0.19,0.16,0.19
1240,0.26,0.25,0.26
1241,0.17,0.16,0.17
1242,0.08,0.08,0.08
1243,0.65,0.65,0.65
1244,0.46,0.46,0.46
1245,0,0,0
1246,0,0,0
1247,0,0,0
1248,0,0,0
1249,0,0,0
1250,0.01,0.01,0.01
1251,0.63,0.63,0.63
1252,0.94,0.94,0.94
1253,0.06,0.06,0.06
1254,0.44,0.44,0.44
1255,0.62,0.62,0.62
1256,0,0,0
1257,0.03,0.01,0.03
1258,0.31,0.28,0.31
1259,0.13,0.13,0.13
1260,0.17,0.13,0.17
1261,0.9,0.83,0.9
1262,0.82,0.82,0.87
1263,0.42,0.99,1
1264,0.8,0.95,1
1265,0.58,0.46,0.63
1266,0.19,0.17,0.19
1267,0.28,0.09,0.28
1268,0.31,0.03,0.31
1269,0.17,0.17,0.17
1270,0.19,0.19,0.19
1271,0.26,0.21,0.26
1272,0.37,0.35,0.37
1273,0.11,0.04,0.11
1274,0.07,0.06,0.07
1275,0.11,0.11,0.17
1276,0.06,0.05,0.08
1277,0.06,0.06,0.06
1278,0.23,0.23,0.23
1279,0.53,0.53,0.53
1280,0.23,0.24,0.24
1281,0.05,0.05,0.05
1282,0,0,0
1283,0,0,0
1284,0,0,0
1285,0.23,0.23,0.23
1286,0.11,0.11,0.11
1287,0.53,0.53,0.53
1288,0.71,0.71,0.71
1289,0.13,0.13,0.13
1290,0.09,0.09,0.09
1291,0.1,0.1,0.1
1292,0.36,0.35,0.36
1293,0.44,0.45,0.45
1294,0.32,0.3,0.32
1295,0.3,0.25,0.3
1296,0.64,0.63,0.65
1297,0.7,0.64,0.73
1298,0.96,0.99,0.99
1299,0.82,0.93,1
1300,0.94,0.9,0.96
1301,0.86,0.79,0.86
1302,0.43,0.41,0.44
1303,0.23,0.19,0.23
1304,0.1,0.1,0.1
1305,0.34,0.34,0.34
1306,0.23,0.2,0.23
1307,0.01,0.01,0.01
1308,0.04,0.04,0.04
1309,0.1,0.06,0.13
1310,0.06,0.09,0.12
1311,0.12,0.09,0.13
1312,0.06,0.05,0.06
1313,0.05,0.05,0.05
1314,0.02,0.02,0.02
1315,0.09,0.09,0.09
1316,0,0,0
1317,0,0,0
1318,0,0,0
1319,0.01,0.01,0.01
1320,0.1,0.1,0.1
1321,0.5,0.5,0.5
1322,0,0,0
1323,0,0,0
1324,0.09,0.09,0.09
1325,0.16,0.16,0.16
1326,0.09,0.09,0.09
1327,0.48,0.46,0.48
1328,0.56,0.53,0.56
1329,0.63,0.61,0.63
1330,0.95,0.93,0.95
1331,0.98,0.92,0.98
1332,0.96,0.96,0.98
1333,1,0.96,1
1334,0.94,0.85,0.96
1335,0.75,0.57,0.75
1336,0.52,0.46,0.52
1337,0.18,0.11,0.18
1338,0.13,0.09,0.13
1339,0.13,0.12,0.13
1340,0.11,0.06,0.11
1341,0.14,0.14,0.14
1342,0.27,0.25,0.27
1343,0.23,0.19,0.27
1344,0.03,0.03,0.03
1345,0.04,0.03,0.04
1346,0.13,0.13,0.13
1347,0,0,0
1348,0,0,0
1349,0,0,0
1350,0,0,0
1351,0.19,0.19,0.19
1352,0.04,0.04,0.04
1353,0.24,0.24,0.24
1354,0,0,0
1355,0.11,0.11,0.11
1356,0.82,0.82,0.82
1357,0.3,0.3,0.3
1358,0.24,0.24,0.24
1359,0.49,0.42,0.49
1360,0.48,0.43,0.48
1361,0.8,0.65,0.81
1362,0.82,0.77,0.82
1363,0.94,0.9,0.94
1364,1,1,1
1365,0.92,0.87,0.92
1366,0.38,0.29,0.39
1367,0.49,0.39,0.49
1368,0.34,0.34,0.35
1369,0.42,0.36,0.42
1370,0.35,0.33,0.35
1371,0.19,0.19,0.19
1372,0.2,0.14,0.2
1373,0.51,0.39,0.51
1374,0.18,0.17,0.18
1375,0.13,0.05,0.14
1376,0.18,0.17,0.18
1377,0.09,0.09,0.09
1378,0.05,0.05,0.05
1379,0,0,0
1380,0.06,0.06,0.06
1381,0,0,0
1382,0,0,0
1383,0.59,0.59,0.59
1384,0.02,0.02,0.02
1385,0.08,0.08,0.08
1386,0.37,0.37,0.37
1387,0.56,0.56,0.56
1388,0.47,0.47,0.47
1389,0.39,0.36,0.39
1390,0.23,0.2,0.24
1391,0.32,0.26,0.32
1392,0.76,0.71,0.76
1393,0.81,0.76,0.81
1394,0.86,0.81,0.86
1395,0.92,0.92,0.93
1396,0.99,0.96,0.99
1397,0.84,0.64,0.84
1398,0.29,0.16,0.29
1399,0.28,0.25,0.29
1400,0.17,0.16,0.17
1401,0.19,0.17,0.19
1402,0.11,0.11,0.11
1403,0.26,0.22,0.26
1404,0.2,0.18,0.2
1405,0.55,0.49,0.55
1406,0.05,0.03,0.05
1407,0.12,0.11,0.12
1408,0.14,0.14,0.14
1409,0.03,0.03,0.03
1410,0.1,0.1,0.1
1411,0.01,0.01,0.01
1412,0,0,0
1413,0,0,0
1414,0.61,0.61,0.61
1415,0,0,0
1416,0.1,0.1,0.1
1417,0.25,0.25,0.25
1418,0.94,0.94,0.94
1419,0.2,0.2,0.2
1420,0.4,0.4,0.4
1421,0.38,0.39,0.39
1422,0.48,0.43,0.48
1423,0.88,0.81,0.88
1424,1,1,1
1425,1,1,1
1426,1,0.97,1
1427,0.95,0.91,0.95
1428,0.67,0.54,0.67
1429,0.61,0.58,0.61
1430,0.44,0.43,0.46
1431,0.39,0.36,0.39
1432,0.2,0.19,0.2
1433,0.19,0.17,0.19
1434,0.1,0.09,0.1
1435,0.03,0.03,0.03
1436,0.2,0.19,0.21
1437,0.28,0.28,0.28
1438,0.15,0.15,0.15
1439,0.08,0.08,0.08
1440,0.02,0.02,0.02
1441,0.03,0.03,0.03
1442,0.34,0.34,0.34
1443,0,0,0
1444,0.4,0.4,0.4
1445,0.21,0.21,0.21
1446,0.79,0.79,0.79
1447,0.01,0.01,0.01
1448,0.43,0.43,0.43
1449,0.1,0.1,0.1
1450,0.46,0.41,0.46
1451,0.39,0.39,0.45
1452,0.6,0.56,0.64
1453,0.83,0.82,0.86
1454,1,0.99,1
1455,0.86,0.83,0.86
1456,0.91,0.86,0.91
1457,0.8,0.69,0.8
1458,0.5,0.47,0.51
1459,0.12,0.09,0.12
1460,0.16,0.12,0.16
1461,0.45,0.43,0.45
1462,0.06,0.06,0.06
1463,0.11,0.07,0.11
1464,0.15,0.09,0.15
1465,0.57,0.57,0.57
1466,0.38,0.38,0.38
1467,0.05,0.05,0.05
1468,0,0,0
1469,0,0,0
1470,0.07,0.07,0.07
1471,0.07,0.07,0.07
1472,0.18,0.18,0.18
1473,0,0,0
1474,0.45,0.46,0.46
1475,0.53,0.53,0.53
1476,0.4,0.63,0.65
1477,0.64,0.97,1
1478,0.62,0.82,0.86
1479,0.61,0.63,0.63
1480,0.86,0.85,0.86
1481,0.72,0.66,0.73
1482,0.67,0.73,0.81
1483,0.33,0.3,0.36
1484,0.25,0.19,0.25
1485,0.09,0.07,0.09
1486,0.13,0.09,0.13
1487,0.1,0.08,0.1
1488,0.1,0.08,0.1
1489,0.07,0.04,0.07
1490,0.01,0.01,0.01
1491,0.49,0.48,0.49
1492,0.04,0.04,0.04
1493,0.03,0.03,0.03
1494,0,0,0
1495,0,0,0
1496,0,0,0
1497,0.33,0.33,0.34
1498,0.92,0.91,0.94
1499,0.93,0.99,1
1500,0.53,0.77,0.87
1501,0.17,0.24,0.28
1502,0.46,0.62,0.66
1503,0.79,0.85,0.85
1504,0.71,0.99,1
1505,0.39,0.44,0.49
1506,0.22,0.19,0.22
1507,0.03,0.03,0.03
1508,0.21,0.21,0.21
1509,0.22,0.18,0.22
1510,0.04,0.02,0.04
1511,0.27,0.19,0.27
1512,0.03,0.03,0.03
1513,0.32,0.31,0.32
1514,0.03,0.03,0.03
1515,0.03,0.03,0.03
1516,0.08,0.09,0.09
1517,0.44,0.44,0.44
1518,0.87,0.97,0.99
1519,0.92,0.96,0.98
1520,0.66,0.92,0.97
1521,0.99,0.99,0.99
1522,0.94,0.99,1
1523,1,1,1
1524,0.8,0.99,1
1525,0.19,0.51,0.55
1526,0.15,0.15,0.15
1527,0.02,0.01,0.02
1528,0.03,0.02,0.03
1529,0.11,0.1,0.13
1530,0.12,0.07,0.14
1531,0.22,0.17,0.22
1532,0.05,0.01,0.05
1533,0.05,0.04,0.05
1534,0.1,0.09,0.1
1535,0.01,0.01,0.01
1536,0.17,0.18,0.18
1537,0.41,0.39,0.41
1538,0.33,0.28,0.34
1539,0.45,0.37,0.49
1540,0.5,0.41,0.58
1541,0.5,0.51,0.52
1542,0.94,0.94,0.94
1543,1,0.98,1
1544,0.98,1,1
1545,1,1,1
1546,0.97,1,1
1547,0.16,0.46,0.61
1548,0.14,0.11,0.14
1549,0.02,0.01,0.02
1550,0.14,0.19,0.3
1551,0.19,0.17,0.4
1552,0.09,0.07,0.13
1553,0.06,0.02,0.06
1554,0.07,0.04,0.07
1555,0.06,0.05,0.06
1556,0.05,0.04,0.05
1557,0.05,0.04,0.05
1558,0.02,0.09,0.09
1559,0.64,0.67,0.74
1560,0.82,0.83,0.84
1561,0.85,0.55,0.96
1562,0.76,0.66,0.85
1563,0.5,0.45,0.51
1564,0.97,0.97,0.98
1565,1,0.98,1
1566,1,0.88,1
1567,0.98,1,1
1568,0.91,0.96,0.97
1569,0.56,0.7,0.72
1570,0.11,0.13,0.14
1571,0.03,0.03,0.03
1572,0.17,0.14,0.21
1573,0.65,0.3,0.84
1574,0.18,0.07,0.25
1575,0.13,0.07,0.15
1576,0.35,0.11,0.39
1577,0.43,0.28,0.45
1578,0.38,0.36,0.38
1579,0.01,0.01,0.01
1580,0.15,0.3,0.31
1581,0.85,0.93,1
1582,1,0.92,1
1583,1,0.36,1
1584,0.7,0.94,0.97
1585,0.8,0.8,0.82
1586,1,0.99,1
1587,1,0.99,1
1588,0.98,1,1
1589,0.94,1,1
1590,0.81,0.87,0.91
1591,0.39,0.36,0.4
1592,0.17,0.17,0.17
1593,0.06,0.06,0.06
1594,0.45,0.4,0.51
1595,1,0.97,1
1596,0.89,0.87,0.94
1597,0.88,0.64,0.95
1598,0.85,0.63,0.95
1599,0.82,0.48,0.98
1600,0.16,0.17,0.17
1601,0.03,0.03,0.03
1602,0.37,0.45,0.51
1603,0.98,0.89,1
1604,1,0.98,1
1605,0.99,0.75,1
1606,0.99,0.99,1
1607,0.97,0.98,0.98
1608,0.98,0.98,0.98
1609,0.93,0.93,0.93
1610,1,1,1
1611,1,1,1
1612,0.96,0.94,0.99
1613,0.53,0.45,0.55
1614,0.14,0.14,0.14
1615,0,0,0
1616,0.17,0.15,0.19
1617,0.62,0.59,0.67
1618,0.95,1,1
1619,0.89,0.96,1
1620,0.89,0.88,0.97
1621,0.5,0.6,0.62
1622,0.21,0.2,0.21
1623,0.71,0.63,0.72
1624,1,0.9,1
1625,1,0.97,1
1626,1,0.97,1
1627,1,1,1
1628,0.71,0.74,0.75
1629,0.46,0.35,0.46
1630,0.53,0.53,0.55
1631,1,0.98,1
1632,0.96,0.97,0.97
1633,0.43,0.3,0.44
1634,0.15,0.11,0.15
1635,0.34,0.34,0.34
1636,0.13,0.13,0.13
1637,0.43,0.38,0.43
1638,0.46,0.39,0.47
1639,0.71,0.62,0.72
1640,0.56,0.64,0.78
1641,0.18,0.26,0.37
1642,0.02,0.05,0.05
1643,0.14,0.14,0.14
1644,0.34,0.28,0.34
1645,0.89,0.91,0.95
1646,0.93,0.85,1
1647,1,0.95,1
1648,0.66,0.89,0.89
1649,0.26,0.3,0.42
1650,0.16,0.15,0.24
1651,0.9,0.91,0.93
1652,1,1,1
1653,0.91,0.92,0.95
1654,0.41,0.32,0.43
1655,0.15,0.13,0.15
1656,0.18,0.16,0.18
1657,0.02,0.02,0.02
1658,0.52,0.45,0.52
1659,0.58,0.56,0.58
1660,0.19,0.1,0.19
1661,0.01,0.01,0.01
1662,0.03,0.03,0.03
1663,0.11,0.11,0.11
1664,0.04,0.04,0.04
1665,0.11,0.11,0.12
1666,0.01,0.01,0.01
1667,0.3,0.22,0.32
1668,0.35,0.47,0.55
1669,0.75,0.94,0.97
1670,0.72,0.85,0.91
1671,0.17,0.1,0.18
1672,0.39,0.3,0.39
1673,0.64,0.71,0.72
1674,1,1,1
1675,1,1,1
1676,0.98,0.97,0.98
1677,0.81,0.74,0.9
1678,0.22,0.15,0.22
1679,0.23,0.19,0.23
1680,0.21,0.15,0.21
1681,0.2,0.15,0.2
1682,0.13,0.13,0.13
1683,0.04,0.03,0.04
1684,0.02,0.01,0.03
1685,0.05,0.05,0.05
1686,0.23,0.16,0.24
1687,0.03,0.01,0.05
1688,0.02,0.02,0.02
1689,0.16,0.13,0.16
1690,0.13,0.09,0.13
1691,0.03,0.02,0.03
1692,0.23,0.23,0.23
1693,0.12,0.12,0.12
1694,0.23,0.21,0.23
1695,0.17,0.15,0.2
1696,0.12,0.04,0.12
1697,0.45,0.28,0.52
1698,0.97,0.98,0.98
1699,1,0.99,1
1700,1,1,1
1701,0.96,1,1
1702,0.87,0.94,0.94
1703,0.23,0.13,0.24
1704,0.4,0.25,0.41
1705,0.2,0.12,0.2
1706,0.31,0.26,0.31
1707,0.06,0.05,0.06
1708,0.22,0.19,0.23
1709,0.29,0.27,0.31
1710,0.69,0.55,0.7
1711,0.64,0.42,0.7
1712,0.24,0.17,0.24
1713,0.58,0.51,0.7
1714,0.28,0.16,0.29
1715,0.41,0.21,0.43
1716,0.52,0.38,0.62
1717,0.19,0.19,0.27
1718,0.01,0.01,0.01
1719,0.33,0.43,0.43
1720,0.24,0.25,0.29
1721,0.33,0.29,0.33
1722,0.49,0.39,0.49
1723,0.62,0.6,0.65
1724,1,1,1
1725,0.91,1,1
1726,0.89,1,1
1727,0.75,0.7,0.85
1728,0.41,0.31,0.51
1729,0.5,0.25,0.51
1730,0.45,0.28,0.45
1731,0.6,0.53,0.6
1732,0.15,0.15,0.15
1733,0.03,0.02,0.04
1734,0.23,0.19,0.25
1735,0.85,0.72,0.87
1736,0.99,0.66,1
1737,0.9,0.64,0.93
1738,0.83,0.4,0.85
1739,1,0.63,1
1740,0.84,0.44,0.87
1741,0.3,0.21,0.3
1742,0.62,0.37,0.62
1743,0.75,0.5,0.91
1744,0.25,0.23,0.32
1745,0.21,0.17,0.21
1746,0.28,0.28,0.3
1747,0.68,0.63,0.68
1748,0.48,0.43,0.48
1749,0.72,0.64,0.75
1750,0.93,0.76,0.93
1751,0.82,0.82,0.88
1752,0.63,0.57,0.66
1753,0.48,0.26,0.5
1754,0.41,0.29,0.41
1755,0.53,0.4,0.53
1756,0.93,0.92,0.93
1757,0.69,0.68,0.69
1758,0.05,0.05,0.05
1759,0,0,0
1760,0.46,0.21,0.47
1761,1,0.82,1
1762,1,0.33,1
1763,1,0.28,1
1764,1,0.53,1
1765,1,0.41,1
1766,0.85,0.41,0.86
1767,0.9,0.58,0.9
1768,0.36,0.23,0.37
1769,0.58,0.38,0.61
1770,0.44,0.16,0.45
1771,0.2,0.05,0.2
1772,0.27,0.14,0.28
1773,0.4,0.21,0.42
1774,0.42,0.13,0.42
1775,0.86,0.75,0.87
1776,1,0.46,1
1777,1,0.42,1
1778,0.81,0.76,0.84
1779,0.35,0.35,0.39
1780,0.07,0.06,0.07
1781,0.07,0.06,0.07
1782,0.34,0.27,0.34
1783,0.25,0.25,0.25
1784,0.1,0.08,0.1
1785,0.91,0.57,0.91
1786,0.98,0.38,0.98
1787,1,0.15,1
1788,1,0.77,1
1789,1,0.6,1
1790,0.9,0.56,0.9
1791,1,0.73,1
1792,0.7,0.49,0.7
1793,0.33,0.17,0.33
1794,0.19,0.12,0.19
1795,0.36,0.19,0.36
1796,0.89,0.59,0.89
1797,0.96,0.76,0.97
1798,0.96,0.59,0.96
1799,1,0.24,1
1800,1,0.28,1
1801,0.99,0.44,1
1802,0.81,0.83,0.91
1803,0.66,0.56,0.66
1804,0.03,0.02,0.03
1805,0.07,0.02,0.07
1806,0.31,0.2,0.31
1807,0.1,0.11,0.11
1808,0.33,0.3,0.33
1809,0.97,0.72,0.99
1810,1,0.55,1
1811,1,0.7,1
1812,1,0.65,1
1813,1,0.63,1
1814,1,0.74,1
1815,0.69,0.48,0.69
1816,1,0.42,1
1817,0.68,0.2,0.69
1818,0.81,0.5,0.81
1819,1,0.33,1
1820,1,0.79,1
1821,1,0.99,1
1822,1,0.52,1
1823,1,0.23,1
1824,1,0.53,1
1825,1,0.99,1
1826,1,0.77,1
1827,0.59,0.4,0.68
1828,0.01,0.01,0.01
1829,0.08,0.05,0.09
1830,0.01,0.01,0.01
1831,0.04,0.04,0.04
1832,0.22,0.23,0.23
1833,0.04,0.04,0.04
1834,0,0,0
1835,0,0,0
1836,0.51,0.32,0.52
1837,0.89,0.6,0.89
1838,1,0.81,1
1839,1,0.32,1
1840,1,0.67,1
1841,0.98,0.89,0.98
1842,0.96,0.71,0.96
1843,1,0.98,1
1844,0.87,0.38,0.87
1845,1,0.45,1
1846,1,0.21,1
1847,1,0.3,1
1848,1,0.81,1
1849,0.99,0.36,0.99
1850,1,0.44,1
1851,1,0.57,1
1852,1,0.98,1
1853,0.61,0.56,0.64
1854,0.71,0.5,0.72
1855,0.24,0.16,0.24
1856,0.13,0.11,0.13
1857,0.08,0.08,0.08
1858,0.92,0.66,0.92
1859,0.62,0.46,0.62
1860,0.31,0.2,0.31
1861,0.75,0.67,0.75
1862,1,0.81,1
1863,1,0.8,1
1864,0.97,0.89,0.97
1865,0.85,0.75,0.85
1866,1,0.98,1
1867,1,0.76,1
1868,0.98,0.52,0.98
1869,1,0.91,1
1870,1,0.61,1
1871,1,0.53,1
1872,0.91,0.86,0.91
1873,0.57,0.43,0.58
1874,0.64,0.36,0.64
1875,0.98,0.82,0.98
1876,1,0.88,1
1877,0.96,0.83,0.98
1878,0.28,0.25,0.34
1879,0.34,0.2,0.35
1880,0.06,0.08,0.1
1881,0.3,0.26,0.31
1882,0.58,0.39,0.59
1883,0.01,0.01,0.01
1884,0.69,0.47,0.72
1885,0.46,0.2,0.46
1886,0.59,0.59,0.59
1887,0.99,0.98,0.99
1888,1,1,1
1889,1,0.94,1
1890,1,0.79,1
1891,0.95,0.79,0.95
1892,0.99,0.84,0.99
1893,1,0.88,1
1894,1,0.86,1
1895,1,0.86,1
1896,1,0.92,1
1897,0.94,0.71,0.94
1898,0.38,0.31,0.38
1899,0.22,0.09,0.22
1900,0.4,0.35,0.4
1901,0.98,0.95,0.98
1902,0.97,0.91,0.97
1903,0.4,0.3,0.41
1904,0.28,0.22,0.28
1905,0.03,0.11,0.11
1906,0.41,0.23,0.41
1907,0.98,0.45,0.98
1908,0.17,0.15,0.18
1909,1,0.79,1
1910,0.37,0.13,0.37
1911,0.01,0.01,0.01
1912,0.84,0.82,0.84
1913,1,1,1
1914,1,0.98,1
1915,1,0.81,1
1916,1,0.73,1
1917,0.77,0.6,0.78
1918,0.6,0.45,0.6
1919,0.73,0.63,0.73
1920,0.97,0.85,1
1921,0.97,0.84,0.99
1922,0.98,0.55,0.98
1923,0.97,0.79,0.97
1924,0.82,0.73,0.84
1925,0.05,0.04,0.05
1926,0.11,0.05,0.11
1927,0.36,0.36,0.36
1928,0.47,0.44,0.48
1929,0.2,0.11,0.2
1930,0.08,0.07,0.09
1931,0.02,0.04,0.04
1932,0.17,0.17,0.17
1933,0.56,0.52,0.56
1934,0.13,0.11,0.13
1935,0.13,0.12,0.13
1936,1,0.4,1
1937,0.47,0.3,0.47
1938,1,0.99,1
1939,0.23,0.15,0.23
1940,0.02,0.01,0.02
1941,0.56,0.53,0.57
1942,0.99,0.97,0.99
1943,1,0.98,1
1944,1,0.53,1
1945,1,0.77,1
1946,1,0.97,1
1947,0.91,0.85,0.91
1948,0.35,0.24,0.35
1949,0.49,0.38,0.49
1950,0.82,0.7,0.83
1951,0.93,0.6,0.95
1952,1,0.88,1
1953,0.96,0.93,0.96
1954,0.49,0.42,0.49
1955,0.17,0.11,0.18
1956,0.09,0.06,0.09
1957,0.1,0.02,0.1
1958,0.03,0.02,0.03
1959,0.05,0.03,0.05
1960,0.01,0.01,0.01
1961,0.22,0.19,0.22
1962,0.32,0.26,0.32
1963,0.94,0.91,0.94
1964,0.68,0.68,0.68
1965,0,0,0
1966,0.64,0.36,0.64
1967,0.67,0.44,0.67
1968,0.21,0.19,0.21
1969,0.17,0.12,0.17
1970,0.16,0.12,0.16
1971,0.94,0.91,0.94
1972,0.76,0.69,0.78
1973,0.75,0.63,0.75
1974,0.68,0.63,0.68
1975,0.96,0.95,0.96
1976,1,0.94,1
1977,0.87,0.75,0.87
1978,0.9,0.65,0.9
1979,0.99,0.93,0.99
1980,0.77,0.67,0.78
1981,0.65,0.49,0.65
1982,0.71,0.62,0.73
1983,0.88,0.76,0.9
1984,0.86,0.82,0.86
1985,0.86,0.79,0.86
1986,0.55,0.44,0.55
1987,0.04,0.02,0.04
1988,0.19,0.11,0.2
1989,0.04,0.03,0.04
1990,0.02,0.02,0.02
1991,0.82,0.8,0.82
1992,0.88,0.84,0.89
1993,0.7,0.7,0.7
1994,0.22,0.19,0.22
1995,0.85,0.36,0.85
1996,0.89,0.4,0.89
1997,0.28,0.07,0.3
1998,0.62,0.61,0.63
1999,0.22,0.12,0.22
2000,1,1,1
2001,0.8,0.73,0.84
2002,0.66,0.54,0.69
2003,0.96,0.92,0.96
2004,0.97,0.93,0.97
2005,1,0.97,1
2006,1,0.97,1
2007,1,0.91,1
2008,1,0.85,1
2009,0.86,0.85,0.87
2010,0.85,0.7,0.85
2011,0.77,0.66,0.77
2012,0.46,0.39,0.46
2013,0.89,0.84,0.89
2014,0.96,0.87,0.96
2015,0.69,0.42,0.69
2016,0.19,0.1,0.19
2017,0.06,0.04,0.06
2018,0.27,0.27,0.27
2019,0.59,0.55,0.59
2020,0.77,0.74,0.77
2021,0.79,0.78,0.79
2022,0,0,0
2023,0.83,0.67,0.83
2024,0.68,0.34,0.68
2025,0.79,0.44,0.79
2026,0.81,0.51,0.81
2027,0.7,0.28,0.7
2028,0.75,0.68,0.75
2029,0.45,0.37,0.48
2030,0.84,0.67,0.84
2031,0.87,0.69,0.88
2032,0.85,0.74,0.85
2033,0.98,0.93,1
2034,1,0.93,1
2035,0.92,0.89,0.92
2036,0.54,0.49,0.54
2037,0.34,0.21,0.34
2038,0.73,0.73,0.73
2039,0.19,0.16,0.19
2040,0.42,0.41,0.42
2041,0.32,0.26,0.32
2042,0.61,0.49,0.61
2043,0.23,0.18,0.23
2044,0.02,0.02,0.02
2045,0,0,0
2046,0.02,0.02,0.02
2047,0.76,0.76,0.76
2048,0.34,0.31,0.34
2049,0.78,0.47,0.78
2050,0.73,0.16,0.75
2051,0.76,0.29,0.76
2052,1,0.51,1
2053,0.9,0.32,0.9
2054,0.68,0.42,0.68
2055,0.82,0.78,0.89
2056,0.63,0.85,0.97
2057,0.85,0.7,0.86
2058,0.98,0.74,0.98
2059,0.79,0.65,0.79
2060,0.43,0.35,0.43
2061,0.44,0.33,0.45
2062,0.51,0.44,0.51
2063,0.61,0.52,0.61
2064,0.2,0.19,0.2
2065,0.09,0.08,0.09
2066,0.03,0.01,0.03
2067,0.05,0.01,0.05
2068,0,0,0
2069,0,0,0
2070,0.15,0.15,0.15
2071,0.7,0.69,0.7
2072,0.32,0.14,0.32
2073,0.99,0.58,1
2074,0.83,0.29,0.84
2075,0.92,0.42,0.92
2076,0.99,0.51,0.99
2077,0.93,0.6,0.93
2078,1,0.89,1
2079,0.91,0.67,1
2080,0.77,0.44,0.77
2081,0.7,0.67,0.71
2082,0.57,0.4,0.57
2083,0.58,0.51,0.58
2084,0.48,0.25,0.5
2085,0.86,0.74,0.86
2086,0.89,0.81,0.89
2087,0.72,0.63,0.72
2088,0.28,0.25,0.28
2089,0,0,0
2090,0,0,0
2091,0,0,0
2092,0.04,0.04,0.04
2093,0.18,0.17,0.18
2094,0.97,0.72,0.97
2095,1,0.52,1
2096,0.85,0.26,0.85
2097,0.91,0.54,0.91
2098,0.99,0.75,0.99
2099,1,0.83,1
2100,1,0.51,1
2101,1,0.62,1
2102,0.63,0.37,0.68
2103,0.59,0.3,0.59
2104,0.71,0.67,0.71
2105,0.96,0.89,0.96
2106,0.57,0.34,0.58
2107,0.41,0.37,0.42
2108,0.67,0.63,0.68
2109,0.87,0.83,0.87
2110,0.53,0.47,0.53
2111,0.14,0.13,0.14
2112,0.01,0.01,0.01
2113,0.15,0.14,0.15
2114,0.05,0.05,0.05
2115,0.01,0.01,0.01
2116,0,0,0
2117,0.15,0.14,0.15
2118,0.94,0.5,0.94
2119,1,0.36,1
2120,1,0.75,1
2121,0.98,0.49,0.98
2122,1,0.95,1
2123,1,0.96,1
2124,1,0.92,1
2125,1,0.67,1
2126,1,0.98,1
2127,0.98,0.93,0.98
2128,0.48,0.32,0.48
2129,0.35,0.19,0.36
2130,0.6,0.28,0.6
2131,0.5,0.34,0.5
2132,0.48,0.31,0.49
2133,0.21,0.14,0.21
2134,0.34,0.28,0.34
2135,0.32,0.3,0.32
2136,0,0,0
2137,0,0,0
2138,0.49,0.49,0.49
2139,0.76,0.56,0.76
2140,0.73,0.63,0.73
2141,0.73,0.71,0.73
2142,0.16,0.16,0.16
2143,0.83,0.59,0.83
2144,1,0.81,1
2145,1,0.72,1
2146,1,0.78,1
2147,1,0.85,1
2148,1,0.83,1
2149,1,0.93,1
2150,1,0.72,1
2151,1,0.97,1
2152,0.92,0.72,0.94
2153,0.77,0.57,0.77
2154,0.37,0.14,0.37
2155,0.45,0.14,0.45
2156,0.57,0.28,0.57
2157,0.23,0.21,0.23
2158,0.27,0.19,0.27
2159,0.39,0.16,0.4
2160,0.02,0,0.02
2161,0.01,0.01,0.01
2162,0,0,0
2163,0.42,0.38,0.42
2164,0.94,0.92,0.94
2165,1,0.96,1
2166,0.39,0.34,0.4
2167,0.25,0.2,0.26
2168,0.97,0.73,0.97
2169,0.99,0.88,0.99
2170,1,1,1
2171,1,0.63,1
2172,1,0.88,1
2173,1,1,1
2174,1,0.82,1
2175,1,0.94,1
2176,1,1,1
2177,1,1,1
2178,0.94,0.89,0.94
2179,0.42,0.23,0.42
2180,0.17,0.01,0.18
2181,0.53,0.38,0.53
2182,0.33,0.3,0.33
2183,0.35,0.34,0.35
2184,0.22,0.2,0.22
2185,0.02,0.02,0.02
2186,0.45,0.45,0.45
2187,0.33,0.34,0.34
2188,0,0,0
2189,0.25,0.26,0.26
2190,0.82,0.75,0.82
2191,0.73,0.47,0.73
2192,0.67,0.32,0.67
2193,0.77,0.77,0.77
2194,0.22,0.22,0.22
2195,0.74,0.41,0.76
2196,1,0.91,1
2197,1,0.89,1
2198,1,0.96,1
2199,1,1,1
2200,1,0.99,1
2201,1,0.94,1
2202,1,0.97,1
2203,0.99,0.73,0.99
2204,0.98,0.68,0.98
2205,0.97,0.4,0.97
2206,0.88,0.55,0.9
2207,0.41,0.35,0.42
2208,0.09,0.07,0.09
2209,0.47,0.36,0.47
2210,0.19,0.1,0.19
2211,0.07,0.02,0.07
2212,0.13,0.12,0.13
2213,0.02,0.02,0.02
2214,0.37,0.37,0.37
2215,0.19,0.19,0.19
2216,0.23,0.19,0.23
2217,0.83,0.59,0.83
2218,0.63,0.38,0.63
2219,0.97,0.68,0.97
2220,1,0.96,1
2221,0.83,0.81,0.83
2222,0.49,0.35,0.49
2223,0.95,0.61,0.95
2224,1,0.95,1
2225,1,1,1
2226,1,0.98,1
2227,1,0.63,1
2228,1,0.71,1
2229,1,0.92,1
2230,1,0.85,1
2231,0.96,0.68,0.96
2232,0.93,0.41,0.93
2233,0.98,0.91,0.98
2234,0.93,0.68,0.93
2235,0.69,0.45,0.7
2236,0.3,0.22,0.3
2237,0.18,0.11,0.18
2238,0.24,0.03,0.26
2239,0.14,0.04,0.14
2240,0.09,0.08,0.09
2241,0.02,0.02,0.02
2242,0.27,0.27,0.27
2243,0.47,0.47,0.47
2244,0.75,0.65,0.75
2245,0.83,0.67,0.83
2246,0.9,0.65,0.9
2247,1,0.84,1
2248,0.9,0.88,0.91
2249,0.76,0.51,0.76
2250,0.98,0.96,0.98
2251,1,1,1
2252,1,0.99,1
2253,1,0.96,1
2254,1,0.89,1
2255,1,1,1
2256,1,0.63,1
2257,0.99,0.71,1
2258,1,0.89,1
2259,0.98,0.76,0.98
2260,0.97,0.92,0.97
2261,1,0.81,1
2262,0.99,0.9,0.99
2263,0.73,0.69,0.73
2264,0.28,0.23,0.28
2265,0.15,0.05,0.16
2266,0.22,0.18,0.22
2267,0.01,0,0.01
2268,0.1,0.1,0.1
2269,0.2,0.19,0.2
2270,0.5,0.45,0.5
2271,0.98,0.94,0.98
2272,1,0.89,1
2273,0.98,0.84,0.98
2274,0.86,0.75,0.86
2275,0.98,0.72,0.98
2276,1,0.86,1
2277,1,0.93,1
2278,1,0.96,1
2279,1,1,1
2280,1,1,1
2281,1,1,1
2282,1,0.99,1
2283,1,1,1
2284,1,1,1
2285,1,1,1
2286,1,0.86,1
2287,1,0.99,1
2288,1,1,1
2289,0.94,0.89,0.95
2290,0.38,0.2,0.38
2291,0.1,0.05,0.1
2292,0.12,0.1,0.12
2293,0,0,0
2294,0,0,0
2295,0,0,0
2296,0,0,0
2297,0.38,0.35,0.38
2298,0.91,0.89,0.91
2299,1,1,1
2300,1,0.91,1
2301,1,0.84,1
2302,1,0.67,1
2303,1,0.84,1
2304,1,0.73,1
2305,1,0.87,1
2306,1,0.88,1
2307,1,0.91,1
2308,1,1,1
2309,1,1,1
2310,1,1,1
2311,1,0.99,1
2312,1,1,1
2313,1,1,1
2314,1,0.99,1
2315,1,1,1
2316,1,1,1
2317,1,0.71,1
2318,0.6,0.12,0.6
2319,0.28,0.13,0.28
2320,0.13,0.13,0.13
2321,0.56,0.56,0.56
2322,0.12,0.11,0.12
2323,0.3,0.29,0.3
2324,0.71,0.71,0.71
2325,0.95,0.95,0.95
2326,1,0.94,1
2327,1,0.93,1
2328,1,0.94,1
2329,1,0.86,1
2330,1,0.96,1
2331,1,0.98,1
2332,1,0.86,1
2333,1,0.98,1
2334,1,1,1
2335,1,0.94,1
2336,1,1,1
2337,1,0.97,1
2338,1,0.92,1
2339,1,0.83,1
2340,1,0.82,1
2341,0.99,0.7,0.99
2342,0.92,0.47,0.92
2343,0.82,0.28,0.82
2344,0.66,0.11,0.66
2345,0.35,0.18,0.35
2346,0.13,0.11,0.13
2347,0.28,0.28,0.28
2348,0.16,0.16,0.16
2349,0,0,0
2350,0.36,0.36,0.36
2351,0.06,0.05,0.06
2352,0.34,0.34,0.34
2353,0.45,0.4,0.45
2354,0.75,0.73,0.75
2355,0.9,0.9,0.9
2356,0.97,0.97,0.97
2357,1,0.95,1
2358,1,0.71,1
2359,1,0.73,1
2360,1,0.75,1
2361,1,1,1
2362,1,1,1
2363,1,1,1
2364,1,0.98,1
2365,1,0.59,1
2366,1,0.88,1
2367,1,1,1
2368,1,1,1
2369,1,0.99,1
2370,1,0.94,1
2371,0.7,0.44,0.71
2372,0.63,0.25,0.63
2373,0.53,0.21,0.53
2374,0.45,0.15,0.49
2375,0.38,0.15,0.38
2376,0.46,0.41,0.46
2377,0.29,0.29,0.29
2378,0.19,0.19,0.19
2379,0.01,0.01,0.01
2380,0.2,0.2,0.2
2381,0.41,0.39,0.41
2382,0.9,0.85,0.9
2383,0.43,0.26,0.43
2384,0.89,0.83,0.89
2385,1,1,1
2386,1,0.99,1
2387,1,1,1
2388,1,0.82,1
2389,1,0.65,1
2390,0.99,0.73,0.99
2391,1,0.98,1
2392,1,1,1
2393,1,1,1
2394,1,0.86,1
2395,0.99,0.55,1
2396,0.99,0.82,1
2397,1,0.98,1
2398,1,0.99,1
2399,1,0.66,1
2400,0.95,0.87,0.95
2401,0.54,0.28,0.54
2402,0.59,0.07,0.59
2403,0.26,0.04,0.26
2404,0.33,0.14,0.33
2405,0.23,0.22,0.24
2406,0.71,0.71,0.71
2407,0.3,0.3,0.3
2408,0.58,0.5,0.58
2409,0.99,0.95,0.99
2410,0.95,0.95,0.95
2411,0.58,0.52,0.58
2412,0.69,0.57,0.69
2413,0.79,0.67,0.79
2414,0.92,0.85,0.93
2415,1,1,1
2416,1,1,1
2417,1,0.67,1
2418,1,0.87,1
2419,1,0.81,1
2420,1,0.65,1
2421,1,0.9,1
2422,1,0.94,1
2423,1,0.85,1
2424,0.83,0.69,1
2425,1,0.79,1
2426,1,0.9,1
2427,1,0.93,1
2428,1,1,1
2429,0.87,0.75,0.87
2430,0.59,0.37,0.59
2431,0.62,0.24,0.62
2432,0.22,0.06,0.22
2433,0.05,0.05,0.05
2434,0.08,0.07,0.08
2435,0.16,0.16,0.16
2436,0.59,0.59,0.59
2437,0.56,0.56,0.56
2438,0.12,0.11,0.12
2439,0.79,0.79,0.79
2440,1,0.88,1
2441,0.64,0.62,0.64
2442,0,0,0
2443,0.45,0.43,0.45
2444,0.76,0.49,0.76
2445,0.94,0.89,0.94
2446,1,1,1
2447,1,1,1
2448,1,0.97,1
2449,0.99,0.74,0.99
2450,1,0.63,1
2451,0.99,0.7,0.99
2452,0.95,0.62,0.95
2453,1,0.8,1
2454,1,0.87,1
2455,1,1,1
2456,0.99,0.82,1
2457,0.99,0.75,0.99
2458,0.97,0.79,0.97
2459,1,0.86,1
2460,1,0.42,1
2461,0.51,0.21,0.51
2462,0.22,0.16,0.23
2463,0.15,0.09,0.15
2464,0.19,0.09,0.19
2465,0.06,0.04,0.06
2466,0.08,0.07,0.08
2467,0.03,0.03,0.03
2468,0.31,0.31,0.31
2469,0.4,0.4,0.4
2470,0.44,0.44,0.44
2471,0.89,0.85,0.89
2472,0.98,0.9,0.98
2473,0.98,0.86,0.98
2474,0.53,0.52,0.53
2475,0.08,0.07,0.08
2476,0.94,0.94,0.94
2477,0.99,0.98,0.99
2478,0.97,0.94,0.98
2479,1,0.94,1
2480,1,1,1
2481,1,1,1
2482,1,0.96,1
2483,0.97,0.63,0.98
2484,0.64,0.31,0.65
2485,0.53,0.31,0.54
2486,0.88,0.61,0.88
2487,1,0.76,1
2488,1,0.45,1
2489,1,0.83,1
2490,0.96,0.6,0.96
2491,0.88,0.16,0.88
2492,0.88,0.37,0.88
2493,0.62,0.31,0.62
2494,0.46,0.16,0.48
2495,0.21,0.09,0.21
2496,0.13,0.03,0.13
2497,0.07,0.01,0.07
2498,0.14,0.09,0.14
2499,0.37,0.28,0.37
2500,0.13,0.12,0.13
2501,0.26,0.26,0.26
2502,0.56,0.56,0.56
2503,0.02,0.02,0.02
2504,0.32,0.32,0.32
2505,0.62,0.58,0.62
2506,0.72,0.55,0.72
2507,0.98,0.96,0.98
2508,0.24,0.18,0.24
2509,0.16,0.16,0.16
2510,0.89,0.89,0.89
2511,0.73,0.73,0.73
2512,1,1,1
2513,1,0.94,1
2514,1,1,1
2515,1,0.98,1
2516,1,0.89,1
2517,0.84,0.48,0.84
2518,0.32,0.08,0.33
2519,0.53,0.08,0.53
2520,0.28,0.17,0.28
2521,0.42,0.15,0.43
2522,0.58,0.09,0.6
2523,0.77,0.18,0.78
2524,0.87,0.5,0.89
2525,0.96,0.51,0.96
2526,0.75,0.13,0.75
2527,0.58,0.28,0.58
2528,0.44,0.16,0.46
2529,0.22,0.08,0.22
2530,0.13,0.04,0.13
2531,0.24,0.25,0.29
2532,0.32,0.19,0.32
2533,0.28,0.24,0.28
2534,0.09,0.09,0.09
2535,0,0,0
2536,0.29,0.29,0.29
2537,0.9,0.9,0.9
2538,0.32,0.32,0.32
2539,0.27,0.26,0.27
2540,0.26,0.25,0.26
2541,0.97,0.97,0.97
2542,0.16,0.15,0.16
2543,0,0,0
2544,0.46,0.46,0.46
2545,1,1,1
2546,1,0.99,1
2547,1,0.99,1
2548,1,1,1
2549,1,0.91,1
2550,0.99,0.77,0.99
2551,0.99,0.59,0.99
2552,0.8,0.44,0.8
2553,0.35,0.09,0.35
2554,0.3,0.1,0.3
2555,0.04,0.04,0.04
2556,0.18,0,0.18
2557,0.13,0.05,0.13
2558,0.42,0.18,0.42
2559,0.53,0.29,0.53
2560,0.33,0.06,0.33
2561,0.39,0.08,0.39
2562,0.22,0.03,0.22
2563,0.09,0.04,0.09
2564,0.01,0.01,0.01
2565,0.31,0.29,0.32
2566,0.11,0.1,0.11
2567,0.07,0.06,0.08
2568,0.01,0.01,0.01
2569,0.52,0.47,0.52
2570,0.73,0.73,0.73
2571,0.39,0.39,0.39
2572,0.08,0.08,0.08
2573,0.38,0.38,0.38
2574,0.38,0.37,0.38
2575,0.98,0.92,0.98
2576,1,1,1
2577,1,1,1
2578,1,0.99,1
2579,1,0.98,1
2580,1,0.9,1
2581,1,0.95,1
2582,1,0.71,1
2583,0.86,0.34,0.86
2584,0.48,0.12,0.51
2585,0.18,0.14,0.18
2586,0.04,0.03,0.04
2587,0.09,0.08,0.09
2588,0,0,0
2589,0.01,0.01,0.01
2590,0.47,0.47,0.47
2591,0.03,0.03,0.03
2592,0.61,0.61,0.61
2593,0.72,0.7,0.72
2594,1,0.99,1
2595,0.98,0.98,0.98
2596,0.97,0.92,0.97
2597,1,1,1
2598,1,1,1
2599,1,1,1
2600,1,0.81,1
2601,0.87,0.69,0.87
2602,0.51,0.28,0.57
2603,0.18,0.17,0.19
2604,0.06,0.05,0.06
2605,0,0,0
2606,0,0,0
2607,0.14,0.14,0.14
2608,0.72,0.72,0.72
2609,0.68,0.68,0.68
2610,0.08,0.08,0.08
2611,0,0,0
2612,0.16,0.16,0.16
2613,0.53,0.53,0.53
2614,0.34,0.34,0.34
2615,0.56,0.55,0.56
2616,0.91,0.87,0.91
2617,1,1,1
2618,1,0.92,1
2619,1,0.7,1
2620,0.99,0.62,0.99
2621,0.98,0.71,0.98
2622,0.86,0.51,0.88
2623,0.13,0.08,0.14
2624,0,0,0
2625,0,0,0
2626,0,0,0
2627,0.3,0.3,0.3
2628,0.91,0.91,0.91
2629,0.8,0.8,0.8
2630,0.47,0.47,0.47
2631,0,0,0
2632,0.46,0.46,0.46
2633,0.99,0.99,0.99
2634,1,0.96,1
2635,1,0.6,1
2636,1,0.71,1
2637,1,0.73,1
2638,1,0.94,1
2639,1,0.96,1
2640,0.89,0.73,0.89
2641,0.12,0.12,0.12
2642,0.05,0.05,0.05
2643,0.86,0.86,0.86
2644,1,1,1
2645,0.96,0.96,0.96
2646,0.91,0.91,0.91
2647,0.23,0.23,0.23
2648,0.22,0.21,0.22
2649,0.68,0.68,0.68
2650,1,1,1
2651,1,0.92,1
2652,1,0.93,1
2653,1,1,1
2654,1,0.72,1
2655,1,0.82,1
2656,1,0.89,1
2657,1,0.97,1
2658,0.94,0.9,0.95
2659,0.33,0.33,0.33
2660,0.07,0.07,0.07
2661,0.99,0.99,0.99
2662,1,1,1
2663,1,1,1
2664,0.9,0.9,0.9
2665,0.18,0.18,0.18
2666,0.44,0.42,0.44
2667,1,1,1
2668,1,1,1
2669,1,0.99,1
2670,1,0.82,1
2671,1,0.83,1
2672,1,1,1
2673,1,1,1
2674,1,0.96,1
2675,1,1,1
2676,1,1,1
2677,0.37,0.36,0.37
2678,0.64,0.64,0.64
2679,0.38,0.38,0.38
2680,0.97,0.97,0.97
2681,1,1,1
2682,0.64,0.64,0.64
2683,0.33,0.32,0.33
2684,0.34,0.34,0.34
2685,0.62,0.59,0.62
2686,0.92,0.89,0.92
2687,1,1,1
2688,1,1,1
2689,1,1,1
2690,1,0.9,1
2691,1,0.84,1
2692,1,0.98,1
2693,1,1,1
2694,1,1,1
2695,0.96,0.96,0.96
2696,0.39,0.37,0.4
2697,0.02,0.02,0.02
2698,0.1,0.1,0.1
2699,0.82,0.82,0.82
2700,1,1,1
2701,1,1,1
2702,0.29,0.29,0.29
2703,0.48,0.48,0.48
2704,0.97,0.95,0.97
2705,1,1,1
2706,1,1,1
2707,1,0.96,1
2708,1,0.94,1
2709,1,1,1
2710,1,0.82,1
2711,1,0.87,1
2712,1,0.72,1
2713,1,0.99,1
2714,1,0.64,1
2715,0.48,0.47,0.49
2716,0.01,0.01,0.01
2717,0.33,0.33,0.33
2718,0.96,0.96,0.96
2719,0.56,0.56,0.56
2720,0.08,0.08,0.08
2721,0.94,0.94,0.94
2722,1,0.99,1
2723,0.91,0.91,0.91
2724,0.94,0.94,0.94
2725,1,0.87,1
2726,1,0.9,1
2727,1,0.81,1
2728,1,0.94,1
2729,0.99,0.84,0.99
2730,0.81,0.69,0.86
2731,0.86,0.8,0.86
2732,0.4,0.43,0.43
2733,0.12,0.12,0.12
2734,0.29,0.3,0.3
2735,0.05,0.05,0.05
2736,0.85,0.85,0.85
2737,0.92,0.92,0.92
2738,0.59,0.59,0.59
2739,0.69,0.68,0.69
2740,0.33,0.33,0.33
2741,0.55,0.55,0.55
2742,0.71,0.63,0.71
2743,0.68,0.55,0.68
2744,0.7,0.64,0.77
2745,0.35,0.38,0.39
2746,0.77,0.75,0.78
2747,0.73,0.6,0.73
2748,0.23,0.23,0.23
2749,0.24,0.24,0.24
2750,0.05,0.05,0.05
2751,0.06,0.06,0.06
2752,0.44,0.43,0.44
2753,0.37,0.35,0.37
2754,0.01,0.01,0.01
2755,0.02,0.04,0.04
2756,0,0,0
2757,0.19,0.22,0.22
2758,0.01,0.01,0.01
2759,0.77,0.76,0.77
2760,0.09,0.09,0.09
2761,0.23,0.29,0.29
2762,0.01,0.01,0.01
2763,0.08,0.08,0.08
2764,0.44,0.44,0.44
2765,0.43,0.45,0.45
2766,0.39,0.43,0.43
2767,0.26,0.34,0.34
2768,0.74,0.76,0.76
2769,0.84,0.86,0.86
2770,0.26,0.3,0.3
2771,0.13,0.13,0.13
2772,0,0,0
2773,0.38,0.42,0.42
2774,0.75,0.76,0.76
2775,0.13,0.15,0.15
2776,0.03,0.04,0.04
2777,0.08,0.14,0.14
2778,0.21,0.21,0.21
2779,0.23,0.25,0.25
2780,0.23,0.24,0.24
2781,0.1,0.11,0.11
2782,0.02,0.02,0.02
2783,0.22,0.26,0.26
2784,0.03,0.03,0.03
2785,0.08,0.14,0.14
2786,0.08,0.09,0.09
2787,0.03,0.04,0.04
2788,0,0,0
2789,0,0,0
2790,0,0,0
2791,0,0,0
2792,0,0,0
2793,0,0,0
2794,0.02,0.02,0.02
2795,0.43,0.43,0.43
2796,0.09,0.09,0.09
2797,0.26,0.26,0.26
2798,0.34,0.34,0.34
2799,0,0,0
2800,0.06,0.06,0.06
2801,0.47,0.47,0.47
2802,0,0,0
2803,0,0,0
2804,0.02,0.02,0.02
2805,0.4,0.4,0.4
2806,0.58,0.58,0.58
2807,0.67,0.67,0.67
2808,0,0,0
2809,0.25,0.25,0.25
2810,0.84,0.84,0.84
2811,0.93,0.93,0.93
2812,0.77,0.77,0.77
2813,0.02,0.02,0.02
2814,0,0,0
2815,0,0,0
2816,0.43,0.43,0.43
2817,0.84,0.84,0.84
2818,0.04,0.04,0.04
2819,0.24,0.24,0.24
2820,0.78,0.78,0.78
2821,0.48,0.48,0.48
2822,0.11,0.11,0.11
2823,0,0,0
2824,0.3,0.3,0.3
2825,0.7,0.7,0.7
2826,0.52,0.52,0.52
2827,0.37,0.37,0.37
2828,0,0,0
2829,0.23,0.23,0.23
2830,0.46,0.46,0.46
2831,0.43,0.43,0.43
2832,0,0,0
2833,0.11,0.11,0.11
2834,0.54,0.54,0.54
2835,0.36,0.37,0.37
2836,0.14,0.14,0.14
2837,0.47,0.47,0.47
