1,-999.0,-999.0,-999.0,-999.0,-999.0,-999.0,-999.0,-999.0
1,0,0,0,0,0,0,0,0
2,0.7933,0.816814,0.794862,0.754224,0.683981,0.615672,0.544984,0.474296
3,0.686484,0.684556,0.653914,0.617214,0.559904,0.501679,0.441332,0.380984
4,3.646615,3.705254,3.582481,3.396869,3.087408,2.779596,2.459448,2.1393
5,5.363411,5.435301,5.228265,4.935491,4.453807,3.973666,3.477814,2.981963
6,0.446174,0.462332,0.453638,0.440419,0.411635,0.380914,0.347678,0.314443
7,0.188564,0.198148,0.197743,0.19179,0.177628,0.165007,0.151498,0.137989
9,0.18252,0.18643,0.180582,0.171026,0.154953,0.13909,0.122618,0.106146
10,3.119506,3.21614,3.143549,3.019584,2.785433,2.548807,2.299229,2.049651
11,6.737036,6.945465,6.794059,6.594153,6.163858,5.705947,5.211438,4.716928
12,1.882638,1.927206,1.874203,1.778726,1.605797,1.490978,1.373452,1.255925
13,0.632179,0.661274,0.657107,0.631062,0.577711,0.542448,0.505425,0.468401
14,1.786462,1.877252,1.883569,1.876271,1.800233,1.754973,1.704212,1.653452
15,3.597082,3.778788,3.779041,3.712343,3.498431,3.325495,3.138309,2.951122
16,0.613331,0.645958,0.645065,0.621128,0.56961,0.52214,0.47179,0.42144
17,0.055099,0.05723,0.056316,0.05489,0.051567,0.048002,0.044131,0.040259
18,5.713643,5.940974,5.885661,5.760767,5.422257,5.119729,4.794331,4.468932
19,6.015381,6.229304,6.188332,6.078573,5.744125,5.499731,5.234924,4.970117
20,4.519261,4.739591,4.743592,4.665396,4.395629,4.218546,4.024537,3.830528
21,3.686103,3.834912,3.814084,3.760891,3.563281,3.456988,3.33873,3.220472
22,1.675826,1.752317,1.742632,1.689322,1.565794,1.457015,1.341027,1.225038
23,1.811807,1.90984,1.909498,1.844149,1.698637,1.565262,1.42323,1.281197
24,0,0,0,0,0,0,0,0
25,0.211708,0.229853,0.236583,0.23973,0.233879,0.230079,0.225014,0.219949
26,0.026454,0.028018,0.027982,0.027408,0.025629,0.024098,0.022418,0.020737
27,0.11476,0.119063,0.117553,0.114855,0.107177,0.10104,0.094404,0.087768
28,0.222827,0.232876,0.231593,0.226697,0.212402,0.200693,0.18829,0.175887
29,4.060082,4.241323,4.217826,4.113417,3.841497,3.606385,3.354463,3.10254
30,7.687423,8.056591,8.042478,7.900548,7.434727,7.07258,6.670561,6.268542
31,5.405743,5.581004,5.485085,5.332349,4.957704,4.722788,4.466829,4.21087
32,3.129613,3.241369,3.18018,3.077613,2.851571,2.666355,2.465015,2.263675
33,3.056876,3.207419,3.187447,3.147232,2.978357,2.851199,2.710201,2.569202
34,2.902146,2.976383,2.875685,2.775886,2.539122,2.363485,2.179795,1.996104
35,1.377687,1.425759,1.391114,1.348918,1.249056,1.161852,1.069748,0.977645
36,2.400717,2.523162,2.49834,2.473418,2.342508,2.226672,2.098978,1.971284
37,5.488159,5.776538,5.783739,5.849305,5.697007,5.564615,5.407053,5.249492
38,4.528573,4.778973,4.853988,4.957143,4.903291,4.857342,4.784809,4.712276
39,0.860581,0.914579,0.920293,0.91683,0.875283,0.845147,0.810948,0.77675
40,2.04526,2.194597,2.226004,2.232157,2.146821,2.086477,2.016316,1.946156
41,3.824175,4.086644,4.152367,4.154422,3.991522,3.872761,3.73554,3.598319
42,0.395379,0.42416,0.430202,0.425115,0.4029,0.385062,0.364918,0.344774
43,0.701441,0.742116,0.739967,0.712417,0.655187,0.60933,0.5593,0.509271
44,0.134335,0.145688,0.149719,0.151564,0.147192,0.145179,0.14261,0.14004
45,0,0,0,0,0,0,0,0
46,0.110917,0.116799,0.117168,0.114133,0.106758,0.099629,0.092068,0.084507
47,8.608339,9.018407,8.964935,8.665019,8.009515,7.391278,6.730091,6.068904
48,7.981798,8.357916,8.309449,8.07499,7.508761,6.991726,6.439293,5.886861
49,7.331421,7.690235,7.660892,7.542099,7.136605,6.742591,6.315365,5.888139
50,5.311242,5.596155,5.599138,5.504521,5.183357,4.938531,4.671723,4.404915
51,6.602759,6.908227,6.833347,6.736835,6.36325,6.082491,5.780278,5.478064
52,6.290138,6.494,6.315708,6.110713,5.635331,5.213004,4.767113,4.321223
53,6.544409,6.868267,6.789305,6.676159,6.273765,5.882027,5.455777,5.029527
54,7.205621,7.729251,7.843643,7.880182,7.611879,7.382155,7.114613,6.84707
55,6.694097,7.28402,7.521249,7.769192,7.750202,7.819577,7.870471,7.921365
56,5.481285,5.922879,6.129922,6.308418,6.291315,6.329634,6.342428,6.355222
57,1.507865,1.605019,1.623993,1.626733,1.568837,1.520541,1.463381,1.406221
58,3.145134,3.348512,3.382046,3.368664,3.227384,3.101699,2.953776,2.805852
59,4.154873,4.492751,4.603462,4.701953,4.630814,4.620357,4.594493,4.568629
60,4.874412,5.323837,5.522238,5.623692,5.524263,5.523765,5.504083,5.4844
61,4.203176,4.605972,4.786925,4.875631,4.785099,4.761807,4.717017,4.672228
62,3.107229,3.437198,3.618666,3.745461,3.741951,3.792079,3.827891,3.863702
63,5.723735,6.332932,6.670092,6.908486,6.900115,6.975102,7.020282,7.065462
64,3.356205,3.680198,3.830069,3.906449,3.832935,3.809568,3.766765,3.723962
65,1.16037,1.267381,1.31406,1.329242,1.295266,1.282526,1.26419,1.245855
66,0.012251,0.011528,0.009844,0.007716,0.004642,0.002169,-0.000313,-0.002794
67,2.168541,2.282996,2.28879,2.230634,2.086897,1.948798,1.802153,1.655509
68,5.17408,5.39605,5.355875,5.223362,4.876165,4.57416,4.249838,3.925516
69,4.467622,4.663842,4.64807,4.594641,4.368208,4.165111,3.942892,3.720673
70,3.533354,3.738097,3.754065,3.686129,3.465741,3.319228,3.165207,3.011185
71,5.515816,5.88914,5.964608,5.993591,5.801148,5.64062,5.452907,5.265195
72,6.350307,6.887314,6.995613,7.027299,6.830755,6.702764,6.54496,6.387156
73,7.201547,7.677313,7.672473,7.598809,7.245843,6.919457,6.555954,6.192452
74,7.981378,8.50009,8.558172,8.534005,8.165661,7.8269,7.446902,7.066903
75,6.073331,6.571219,6.729589,6.885012,6.789777,6.751832,6.692498,6.633163
76,6.779428,7.490812,7.882411,8.249237,8.360984,8.603936,8.828097,9.052257
77,6.838808,7.501939,7.830181,8.078684,8.057767,8.157457,8.228756,8.300055
78,7.189543,8.004889,8.498368,8.94711,9.134746,9.461313,9.763847,10.066381
79,6.743811,7.407608,7.765512,8.1126,8.20905,8.395196,8.556561,8.717926
80,4.504978,4.878842,5.056822,5.163128,5.100997,5.088389,5.048951,5.009512
81,8.112012,8.975109,9.414252,9.647635,9.534586,9.542003,9.501596,9.46119
82,5.176846,5.692174,5.947952,6.073647,5.965924,5.945858,5.89671,5.847562
83,4.882175,5.358802,5.598416,5.726728,5.631034,5.606426,5.552923,5.499419
84,5.503456,6.025991,6.265664,6.392945,6.27685,6.247533,6.188247,6.128962
85,7.046332,7.651599,7.875937,7.870262,7.561964,7.382405,7.169947,6.957489
86,3.842435,4.151904,4.241739,4.199182,3.982748,3.846069,3.692725,3.539381
87,0.155249,0.165503,0.164657,0.158435,0.143525,0.131603,0.118718,0.105834
88,0.086562,0.087568,0.084652,0.079606,0.071306,0.063798,0.055988,0.048179
89,1.912639,1.971149,1.940945,1.89986,1.781672,1.693573,1.595939,1.498305
90,1.615695,1.656143,1.636802,1.615474,1.538346,1.485865,1.42492,1.363975
91,0.302897,0.314311,0.309871,0.302978,0.28289,0.26976,0.255927,0.242095
92,1.144224,1.221768,1.231593,1.228754,1.178766,1.138254,1.093329,1.048403
93,5.421457,5.853788,5.945111,5.946703,5.743202,5.59951,5.432418,5.265325
94,4.452189,4.774115,4.821897,4.842214,4.694289,4.557809,4.401351,4.244893
95,7.423679,7.955441,8.072459,8.133781,7.879688,7.613757,7.309687,7.005617
96,5.181638,5.602175,5.734856,5.812841,5.674141,5.594853,5.492969,5.391085
97,3.995771,4.426054,4.674136,4.901342,4.971991,5.13987,5.301546,5.463222
98,6.763585,7.529889,7.986101,8.395039,8.543154,8.839557,9.120977,9.402397
99,8.043055,8.96313,9.516449,9.987327,10.146822,10.464551,10.758648,11.052744
100,6.94151,7.640391,8.021307,8.299262,8.313137,8.434057,8.529108,8.62416
101,2.580965,2.738853,2.794102,2.805614,2.726622,2.667302,2.592298,2.517294
102,4.706497,5.098895,5.269683,5.342092,5.225711,5.177285,5.103586,5.029886
103,5.976494,6.567419,6.851776,6.978838,6.841251,6.80225,6.729703,6.657157
104,6.21625,6.818805,7.099256,7.207311,7.03157,6.957077,6.848306,6.739535
105,6.488887,7.067208,7.286845,7.335753,7.090031,6.942013,6.761878,6.581744
106,7.215864,7.829587,8.040731,8.002016,7.633535,7.384065,7.100057,6.816049
107,4.993842,5.356721,5.44316,5.385274,5.104902,4.922814,4.719997,4.51718
108,4.113773,4.381097,4.412632,4.341097,4.054887,3.880553,3.690932,3.501311
110,2.559802,2.672599,2.642098,2.515583,2.274432,2.110841,1.942968,1.775095
111,2.759795,2.845928,2.771854,2.601655,2.298562,2.092797,1.888608,1.684418
112,1.062813,1.139452,1.152213,1.147091,1.097488,1.061242,1.021774,0.982306
113,4.161402,4.434121,4.461331,4.487646,4.353014,4.225905,4.082492,3.939079
114,3.924364,4.18792,4.229353,4.2421,4.090246,3.932552,3.754266,3.57598
115,7.279227,7.75547,7.816663,7.797236,7.461302,7.159482,6.823752,6.488021
116,6.963829,7.687108,8.083419,8.439024,8.510682,8.691157,8.856621,9.022085
117,6.984756,7.6301,7.903196,8.061984,7.910085,7.88372,7.833727,7.783734
118,6.480805,6.977319,7.121755,7.152777,6.891753,6.70425,6.480756,6.257262
119,4.992748,5.356051,5.460399,5.488507,5.301541,5.14656,4.961555,4.776551
120,4.011477,4.289615,4.37368,4.397248,4.255487,4.133892,3.986343,3.838794
121,1.252498,1.34594,1.371155,1.377737,1.33033,1.29896,1.260937,1.222915
122,0.190001,0.20413,0.208617,0.208748,0.200584,0.19569,0.189816,0.183943
123,2.7042,2.91268,2.981006,2.978184,2.859237,2.763419,2.651669,2.539919
124,3.401839,3.616109,3.652793,3.600384,3.413181,3.248598,3.064935,2.881272
125,3.729259,3.982079,4.027073,3.947088,3.714872,3.524017,3.315727,3.107437
126,1.719611,1.844896,1.874171,1.851886,1.761847,1.692671,1.614062,1.535453
127,2.472913,2.616086,2.61457,2.537742,2.361531,2.223839,2.074921,1.926003
128,0.86633,0.917171,0.921799,0.90652,0.860608,0.808813,0.753515,0.698217
129,0.229086,0.23695,0.231176,0.219794,0.199623,0.180219,0.160145,0.140071
130,1.303431,1.357392,1.338961,1.290086,1.186097,1.092612,0.994789,0.896967
131,0.695655,0.723235,0.719832,0.702085,0.659578,0.623473,0.583445,0.543418
132,1.901817,1.988149,1.991207,1.955315,1.846797,1.767199,1.678892,1.590584
133,1.860063,1.944448,1.93894,1.893275,1.767632,1.680385,1.58948,1.498576
134,2.014021,2.097627,2.065658,2.00945,1.87289,1.736743,1.597363,1.457983
135,3.162607,3.276,3.199585,3.155349,2.981952,2.806553,2.617448,2.428343
136,6.645995,7.041947,7.068092,7.073414,6.800749,6.547296,6.2628,5.978305
137,9.375602,9.954792,9.983004,9.909927,9.431591,8.977371,8.475564,7.973756
138,7.626269,8.212291,8.38194,8.443599,8.173173,7.955197,7.700073,7.444949
139,8.448819,9.301611,9.740854,10.052004,10.004688,10.105771,10.176684,10.247597
140,7.183695,7.789545,8.06176,8.255075,8.140596,8.187528,8.202051,8.216574
141,4.878282,5.309214,5.491373,5.602384,5.500154,5.487993,5.455465,5.422936
142,2.83829,3.03946,3.08222,3.075076,2.934869,2.841172,2.732636,2.624099
143,1.822865,1.963625,2.002724,2.011389,1.937392,1.887664,1.827695,1.767726
144,0.387667,0.418771,0.428329,0.430518,0.415309,0.403087,0.388428,0.373769
145,4.014825,4.319144,4.415366,4.416322,4.251342,4.069145,3.857562,3.64598
146,5.670382,6.081801,6.206182,6.17662,5.913792,5.657256,5.367271,5.077285
147,3.809177,3.990063,3.975832,3.845073,3.585703,3.335208,3.065641,2.796073
148,0.566323,0.592755,0.590517,0.570391,0.532826,0.497229,0.458433,0.419637
149,0.25356,0.262612,0.257245,0.244977,0.221736,0.204542,0.186476,0.16841
150,5.840026,6.055761,5.933465,5.651708,5.127915,4.686918,4.227267,3.767616
151,6.879042,7.235683,7.218839,7.042649,6.579519,6.15854,5.711355,5.26417
152,3.212044,3.364863,3.339652,3.242828,3.00127,2.802234,2.587427,2.372621
153,5.482018,5.745207,5.714853,5.558005,5.159377,4.814689,4.438266,4.061843
154,1.934018,2.024631,2.034678,2.01268,1.918919,1.836,1.742838,1.649677
155,0.40496,0.425907,0.436073,0.444068,0.442314,0.443822,0.443074,0.442325
156,0.3047,0.322075,0.328527,0.332672,0.326684,0.323894,0.31968,0.315465
157,3.537179,3.699799,3.669438,3.611477,3.402865,3.222534,3.026801,2.831069
158,3.845375,3.988664,3.91922,3.836387,3.602342,3.380486,3.136981,2.893476
159,4.926515,5.205048,5.192774,5.149816,4.905009,4.667852,4.405575,4.143298
160,3.886715,4.139582,4.178479,4.174904,4.003078,3.849888,3.673789,3.49769
161,8.582779,9.212458,9.356113,9.363406,8.993336,8.693943,8.347297,8.000652
162,8.512475,9.183823,9.383041,9.401877,9.043928,8.769378,8.443689,8.117999
163,5.919853,6.38163,6.535377,6.571092,6.346472,6.162537,5.936071,5.709605
164,8.755905,9.551865,9.899088,10.070873,9.862162,9.749488,9.580812,9.412137
165,5.766489,6.322886,6.573779,6.696831,6.566956,6.534227,6.472821,6.411414
166,6.03034,6.538062,6.710879,6.758404,6.527374,6.419751,6.282299,6.144846
167,5.690375,6.170077,6.341117,6.406448,6.221159,6.108067,5.962562,5.817057
168,9.026912,9.807592,10.112327,10.133437,9.804735,9.402982,8.928131,8.453281
169,8.085515,8.686683,8.864109,8.7723,8.362999,7.886637,7.353015,6.819394
170,6.402462,6.761813,6.786422,6.605387,6.176063,5.748032,5.283619,4.819207
171,1.969178,2.053784,2.036998,1.963363,1.816562,1.672883,1.51877,1.364658
172,0.070388,0.075668,0.077357,0.07711,0.073875,0.070455,0.066601,0.062747
173,0.986892,1.014891,0.98418,0.924086,0.819811,0.741176,0.659993,0.578809
174,7.371279,7.587925,7.384267,6.971681,6.23933,5.691176,5.122583,4.553991
175,6.490293,6.812777,6.841604,6.74382,6.38599,6.082091,5.7447,5.407309
176,5.300113,5.583939,5.64194,5.602602,5.353047,5.140042,4.896324,4.652605
177,2.382571,2.514739,2.539365,2.518727,2.403035,2.307827,2.19953,2.091232
178,3.364538,3.532478,3.564011,3.5369,3.377366,3.246193,3.096686,2.947179
179,0.882729,0.916467,0.914301,0.900636,0.851371,0.813759,0.772071,0.730383
180,3.118566,3.297536,3.297223,3.209507,2.985012,2.813398,2.633533,2.453668
181,1.780005,1.825746,1.760853,1.708725,1.579722,1.463499,1.340092,1.216686
182,6.166658,6.425673,6.338991,6.249334,5.909516,5.601053,5.259929,4.918805
183,5.906181,6.194974,6.151272,6.093883,5.78421,5.507637,5.200301,4.892964
184,6.181145,6.62109,6.732904,6.711217,6.415727,6.187318,5.912417,5.637516
185,6.863274,7.430914,7.629605,7.682277,7.427033,7.251121,7.034345,6.817569
186,8.801796,9.515872,9.758821,9.817793,9.471802,9.227196,8.928952,8.630709
187,8.845225,9.56912,9.827517,9.896406,9.563885,9.29835,8.972074,8.645798
188,9.444079,10.275119,10.603459,10.712448,10.407234,10.151607,9.829498,9.507388
189,7.680491,8.384561,8.663528,8.742122,8.481027,8.296544,8.063459,7.830373
190,6.160564,6.66027,6.822696,6.839893,6.560133,6.35845,6.116298,5.874146
191,8.104873,8.766047,8.998917,9.013646,8.663186,8.369157,8.016985,7.664813
192,9.393165,10.203344,10.511887,10.501286,10.105714,9.664309,9.14758,8.63085
193,9.24463,9.94216,10.129891,9.982678,9.469747,8.848259,8.154816,7.461373
194,7.585491,7.999912,8.008355,7.775128,7.237186,6.63698,5.989616,5.342251
195,5.916575,6.168081,6.108023,5.904753,5.443888,4.964488,4.455708,3.946928
196,1.609284,1.686069,1.675014,1.624371,1.505598,1.380588,1.246143,1.111698
197,0.164855,0.169581,0.164498,0.154498,0.137126,0.124049,0.110579,0.097109
198,2.277196,2.396624,2.404735,2.364088,2.224873,2.104315,1.972355,1.840396
199,5.418163,5.718268,5.775871,5.720074,5.432033,5.184971,4.905078,4.625184
200,5.144054,5.389035,5.383642,5.254385,4.901653,4.642234,4.353509,4.064784
201,1.27956,1.341206,1.348798,1.331211,1.263888,1.215382,1.1605,1.105618
202,1.353836,1.423285,1.417964,1.369738,1.258438,1.17992,1.097883,1.015846
203,1.498727,1.583298,1.580352,1.522211,1.394481,1.302805,1.207609,1.112413
204,4.483883,4.628406,4.481832,4.381766,4.09195,3.862697,3.623283,3.383868
205,5.590612,5.886919,5.849,5.800948,5.508477,5.272285,5.013686,4.755086
206,6.188961,6.545557,6.567045,6.520313,6.190521,5.946031,5.667061,5.388092
207,6.642369,7.014634,7.026607,6.883907,6.422264,6.160774,5.862534,5.564294
208,7.813693,8.361056,8.493347,8.45402,8.044412,7.729094,7.360063,6.991032
209,8.63216,9.316738,9.546039,9.576723,9.206046,8.92,8.574976,8.229951
210,9.113301,9.90709,10.20725,10.301667,9.982102,9.749088,9.45809,9.167092
211,8.861138,9.644714,9.934764,10.011078,9.689212,9.441492,9.134088,8.826684
212,8.798812,9.586454,9.931844,10.059997,9.794317,9.58766,9.313755,9.039849
213,7.673797,8.316872,8.574922,8.637227,8.346531,8.150045,7.899863,7.649682
214,8.416899,9.016134,9.181929,9.106801,8.642136,8.230657,7.761715,7.292773
215,6.449356,6.791899,6.769029,6.554844,5.999537,5.496136,4.946689,4.397242
216,10.099207,10.989907,11.34833,11.335427,10.924732,10.432418,9.851736,9.271055
217,9.654314,10.439178,10.706916,10.637412,10.188125,9.665181,9.06164,8.4581
218,6.476642,6.947367,7.083226,7.056597,6.717712,6.414063,6.069585,5.725107
219,5.378567,5.573776,5.457645,5.204146,4.697523,4.181992,3.630022,3.078051
220,0.899307,0.967226,0.981323,0.96743,0.914121,0.856159,0.791563,0.726967
221,2.18053,2.267109,2.235225,2.147396,1.96456,1.838016,1.700918,1.563821
222,2.368712,2.474102,2.467754,2.414261,2.2717,2.177097,2.06915,1.961204
223,0.489507,0.518001,0.522913,0.518788,0.494569,0.47825,0.459618,0.440987
224,2.119105,2.234906,2.233492,2.160071,1.991213,1.873533,1.750212,1.62689
225,2.743739,2.84891,2.788878,2.741977,2.5812,2.436578,2.27862,2.120662
226,5.183185,5.520324,5.550337,5.530153,5.288581,5.10051,4.89284,4.685171
227,5.369086,5.739118,5.811347,5.796311,5.532641,5.318492,5.08048,4.842468
228,6.421235,6.787539,6.801662,6.712169,6.324426,6.03729,5.716184,5.395078
229,6.420205,6.871417,6.984357,7.003804,6.719073,6.529981,6.306252,6.082523
230,6.119049,6.546057,6.648656,6.613012,6.270555,6.011554,5.714426,5.417298
231,7.980389,8.627468,8.847167,8.881971,8.53296,8.269445,7.95382,7.638195
232,7.927844,8.660286,8.983905,9.116143,8.873016,8.714527,8.505423,8.296318
233,8.070268,8.786058,9.093337,9.192386,8.920087,8.712107,8.445647,8.179187
234,9.564527,10.383567,10.731507,10.819479,10.478697,10.223296,9.894619,9.565942
235,9.040447,9.745931,10.003995,9.979473,9.572975,9.219045,8.808613,8.39818
236,7.937302,8.856766,9.05708,9.031263,8.754555,8.534103,8.280106,8.026109
237,4.845424,5.068594,4.9805,4.747136,4.278617,3.853405,3.396351,2.939297
238,6.21578,6.62004,6.671808,6.563027,6.152833,5.782353,5.36595,4.949548
239,8.90741,9.8882,10.26318,10.441561,10.259063,10.147939,9.980585,9.813232
240,7.628346,8.208061,8.383645,8.370336,7.986496,7.668804,7.297453,6.926101
241,2.518657,2.714441,2.711581,2.651381,2.493543,2.337523,2.166503,1.995483
242,0.058707,0.060871,0.060258,0.058225,0.053608,0.050306,0.046645,0.042985
243,0.75827,0.785858,0.781769,0.761468,0.708926,0.67075,0.62765,0.584549
244,0.627849,0.659133,0.662269,0.65613,0.626085,0.610017,0.590894,0.571772
245,1.923181,2.035639,2.038871,2.017519,1.915271,1.835347,1.747125,1.658903
246,3.268833,3.416724,3.376834,3.314698,3.125446,2.958461,2.778242,2.598022
247,5.018518,5.293144,5.281149,5.237455,4.974686,4.807635,4.622265,4.436894
248,6.470142,6.900355,6.960317,6.891923,6.516057,6.248016,5.956451,5.664886
249,2.406026,2.484463,2.42052,2.310862,2.073449,1.878143,1.673064,1.467986
250,1.328834,1.3921,1.375365,1.329859,1.212487,1.116738,1.014726,0.912714
251,6.299942,6.775068,6.898299,6.875396,6.551079,6.303189,6.022352,5.741514
252,7.681179,8.298776,8.472015,8.450611,8.05521,7.714066,7.318161,6.922255
253,9.009026,9.845806,10.182012,10.284426,9.964568,9.73496,9.447091,9.159222
254,8.008341,8.734285,9.035916,9.123164,8.837498,8.626557,8.36168,8.096802
255,9.389559,10.31858,10.675688,10.778502,10.486236,10.252591,9.954912,9.657234
256,4.387016,4.920402,5.094691,5.152478,5.072438,5.029832,4.964907,4.899982
257,3.105131,3.481734,3.595915,3.630927,3.571151,3.548761,3.512173,3.475584
258,3.227913,3.634837,3.708421,3.724637,3.646563,3.593764,3.525693,3.457622
259,3.399168,3.680793,3.705346,3.657009,3.463176,3.309269,3.136021,2.962773
260,7.425545,8.125951,8.429592,8.562548,8.351896,8.244679,8.086621,7.928562
261,7.776351,8.533501,8.825591,8.927454,8.681996,8.547243,8.367174,8.187106
262,4.480243,4.839845,4.916686,4.881597,4.638648,4.471209,4.279693,4.088177
263,0.338736,0.365475,0.373934,0.377955,0.373729,0.371487,0.367531,0.363576
264,0.492125,0.521394,0.526986,0.523816,0.504406,0.490587,0.47401,0.457432
265,0.801695,0.860959,0.873453,0.876005,0.858163,0.853319,0.844593,0.835868
266,2.32728,2.482606,2.505667,2.506287,2.409498,2.340292,2.260293,2.180293
267,5.452065,5.840451,5.909812,5.86741,5.605771,5.453623,5.277308,5.100992
268,6.699417,7.062525,7.036819,6.860709,6.368377,6.067008,5.740453,5.413898
269,5.431316,5.724145,5.659105,5.485815,5.062953,4.737849,4.389217,4.040585
270,5.983181,6.359319,6.390835,6.321071,5.965156,5.712575,5.435656,5.158738
271,4.817808,4.977631,4.839156,4.599003,4.096645,3.665645,3.208115,2.750584
272,7.666809,8.276456,8.491261,8.538032,8.238213,7.996023,7.702795,7.409567
273,5.336751,5.785534,5.939067,5.969404,5.742922,5.563464,5.349452,5.13544
274,7.666477,8.347322,8.581223,8.608452,8.270644,8.011231,7.700502,7.389773
275,8.241549,8.987534,9.300949,9.389199,9.077169,8.868041,8.607348,8.346656
276,7.346114,8.071874,8.371622,8.485085,8.275532,8.163295,8.005944,7.848593
277,5.781226,6.232344,6.381485,6.360551,6.065553,5.826468,5.551692,5.276916
278,5.812342,6.178172,6.206388,6.065674,5.631667,5.310246,4.959387,4.608528
279,5.186286,5.453575,5.442006,5.33618,4.957872,4.667138,4.345505,4.023871
280,6.879681,7.438293,7.629672,7.668616,7.378916,7.200393,6.984601,6.768809
281,6.955821,7.567126,7.814223,7.900099,7.656697,7.528484,7.365437,7.202389
282,7.873063,8.860383,9.180046,9.323955,9.208086,9.157838,9.069277,8.980717
283,3.699519,4.025453,4.134366,4.140468,3.977549,3.850146,3.697766,3.545387
284,0.221456,0.22853,0.222008,0.204689,0.17703,0.151216,0.124379,0.097542
285,1.977461,2.104432,2.094251,2.034558,1.924088,1.840362,1.747732,1.655103
286,1.948704,2.062744,2.09258,2.091396,2.033953,1.989838,1.933145,1.876452
287,0.298758,0.31787,0.322869,0.32345,0.315242,0.309973,0.302883,0.295793
288,4.852887,5.187801,5.260707,5.2586,5.135558,5.059357,4.952373,4.845389
289,19.928739,21.28062,21.636537,21.716803,21.30104,21.031956,20.63138,20.230804
290,9.839409,10.326989,10.244963,9.927694,9.236769,8.703418,8.111794,7.52017
291,7.470556,7.824674,7.708978,7.419517,6.787858,6.339564,5.855221,5.370879
292,6.627857,6.773051,6.51822,6.123764,5.3958,4.820095,4.21298,3.605864
293,6.537212,6.858243,6.804208,6.699428,6.290498,5.973065,5.625087,5.27711
294,7.05951,7.498382,7.51604,7.462238,7.086293,6.790722,6.461967,6.133212
295,4.770472,5.099213,5.1575,5.12538,4.875081,4.680406,4.459494,4.238581
296,4.781831,5.180203,5.30199,5.319704,5.112127,4.949784,4.760171,4.570558
297,8.420727,9.118659,9.344659,9.341852,8.930665,8.591638,8.190067,7.788496
298,8.333052,9.081549,9.382612,9.460244,9.131069,8.916887,8.649145,8.381403
299,8.4819,9.216845,9.5104,9.559609,9.193437,8.892189,8.526982,8.161775
300,5.043299,5.140345,4.920022,4.552801,3.85467,3.342471,2.802305,2.262139
301,2.591658,2.631532,2.506911,2.31217,1.949072,1.704904,1.448045,1.191186
302,4.638818,4.826186,4.744872,4.574934,4.150618,3.833307,3.494943,3.15658
303,6.86354,7.345386,7.444633,7.403207,7.025707,6.807437,6.566278,6.325118
304,6.877578,7.388892,7.513434,7.508013,7.168799,6.978697,6.763754,6.54881
305,6.571292,7.244625,7.436338,7.490048,7.281367,7.158467,7.006079,6.853691
306,0.672742,0.730845,0.750839,0.751147,0.720769,0.694352,0.662975,0.631597
307,0,0,0,0,0,0,0,0
308,2.18842,2.298557,2.346721,2.354969,2.296924,2.246955,2.178318,2.109681
309,2.354931,2.464387,2.50829,2.508284,2.438405,2.377928,2.298122,2.218316
310,1.323489,1.367486,1.361728,1.326908,1.243357,1.184028,1.115785,1.047543
311,0.710205,0.749166,0.75924,0.757177,0.734757,0.719962,0.700961,0.68196
312,7.147287,7.552299,7.647608,7.61293,7.389417,7.227613,7.01329,6.798968
313,7.928444,8.441443,8.57032,8.562936,8.34716,8.192414,7.983683,7.774952
314,20.15349,21.070496,21.434573,21.359586,20.686497,20.178415,19.511715,18.845014
315,8.43648,8.979236,9.084606,9.039958,8.618563,8.329646,7.988944,7.648241
316,6.715014,7.068672,7.042267,6.913259,6.46534,6.114408,5.731049,5.347691
317,3.616782,3.816419,3.821851,3.765072,3.546451,3.368383,3.171616,2.974849
318,4.160255,4.388266,4.384593,4.310908,4.056638,3.869329,3.662853,3.456376
319,5.334346,5.660661,5.687697,5.659306,5.400988,5.215339,5.00225,4.789161
320,4.206687,4.507765,4.586754,4.587561,4.396783,4.246342,4.07092,3.895498
321,5.173297,5.564458,5.654518,5.622457,5.334863,5.078466,4.792576,4.506686
322,8.669446,9.378302,9.649707,9.695237,9.331279,9.030802,8.666327,8.301853
323,8.051373,8.847891,9.127905,9.202896,8.937004,8.730205,8.465919,8.201633
324,7.825248,8.482564,8.666378,8.633514,8.232943,7.868154,7.450952,7.033751
325,1.857452,1.932451,1.877948,1.768537,1.55253,1.373643,1.183806,0.993969
326,0.826877,0.852052,0.828077,0.788025,0.699942,0.633616,0.563833,0.494051
327,1.340075,1.394298,1.366886,1.3113,1.18219,1.090895,0.99537,0.899845
328,0.998343,1.048929,1.042286,1.022668,0.950668,0.906086,0.858495,0.810904
329,0.154347,0.163123,0.16321,0.16153,0.152062,0.146505,0.140408,0.13431
330,0,0,0,0,0,0,0,0
331,0.124528,0.128476,0.129027,0.127009,0.121585,0.116579,0.110582,0.104586
332,0.943751,0.965608,0.954785,0.916409,0.84536,0.781305,0.70986,0.638415
333,14.338992,14.838902,14.785062,14.333672,13.327381,12.456726,11.478504,10.500282
334,11.907204,12.316329,12.180565,11.48056,10.278996,9.218846,8.078476,6.938107
335,0.24119,0.252407,0.254816,0.249016,0.2351,0.223013,0.209024,0.195035
336,0,0,0,0,0,0,0,0
337,0,0,0,0,0,0,0,0
338,8.173103,8.626596,8.730488,8.700534,8.349657,8.046202,7.679813,7.313424
339,7.05072,7.567758,7.737804,7.808114,7.581498,7.403561,7.176914,6.950268
340,5.030682,5.263491,5.255044,5.18593,4.922726,4.702466,4.453339,4.204211
341,3.282363,3.421927,3.35224,3.190173,2.870502,2.639019,2.398584,2.15815
342,3.145544,3.274551,3.215926,3.155036,2.957988,2.810953,2.648952,2.486952
343,5.572088,5.958258,6.036866,6.025629,5.75551,5.569041,5.353215,5.137389
344,5.828341,6.193246,6.206932,6.086358,5.670398,5.389948,5.076234,4.762519
345,6.625206,7.141455,7.30339,7.294505,6.96025,6.715949,6.425256,6.134562
346,6.747418,7.376721,7.590283,7.646273,7.408794,7.267179,7.081721,6.896263
347,6.376479,6.710005,6.664179,6.488226,5.974922,5.545144,5.077724,4.610304
348,6.300753,6.87747,7.111805,7.200614,6.995481,6.857592,6.687163,6.516733
349,0,0,0,0,0,0,0,0
350,0.235966,0.2494,0.248725,0.23675,0.21414,0.195967,0.176962,0.157957
351,8.801794,9.015335,8.701665,7.770215,6.353081,5.09421,3.789951,2.485693
352,1.528895,1.593671,1.615177,1.620792,1.577146,1.541545,1.492069,1.442592
353,0.677882,0.714203,0.709322,0.672693,0.605794,0.552222,0.494136,0.43605
354,3.362178,3.499632,3.436193,3.176881,2.75777,2.401327,2.023634,1.645942
355,1.312459,1.344832,1.299821,1.156826,0.946073,0.758586,0.564165,0.369745
356,3.403725,3.674628,3.752583,3.757914,3.628468,3.552701,3.461378,3.370056
357,5.049898,5.410334,5.477996,5.44722,5.231349,5.06885,4.885292,4.701734
358,1.425247,1.49596,1.49192,1.459584,1.365743,1.304323,1.235838,1.167353
359,0.634425,0.659228,0.650892,0.6253,0.573203,0.535534,0.495718,0.455903
360,1.148251,1.227811,1.246484,1.237512,1.180468,1.134669,1.082879,1.03109
361,5.585997,6.02122,6.149264,6.142506,5.878109,5.655758,5.396039,5.136319
362,6.796766,7.202259,7.242713,7.109675,6.652177,6.418994,6.149085,5.879176
363,8.876312,9.634899,9.881396,9.908248,9.551691,9.257012,8.898983,8.540954
364,7.20295,7.803484,8.025128,8.101609,7.841927,7.709315,7.535744,7.362172
365,8.046913,8.822369,9.177144,9.397132,9.249785,9.260021,9.238583,9.217145
366,3.63869,3.96922,4.093559,4.127286,3.993371,3.893663,3.773283,3.652903
367,0.524103,0.552004,0.546447,0.513155,0.456843,0.413196,0.365911,0.318627
368,9.822982,10.278564,10.132224,9.473301,8.381447,7.536885,6.622761,5.708638
369,4.537605,4.760002,4.701497,4.417407,3.938421,3.566522,3.162764,2.759006
370,6.471176,6.785369,6.651145,6.179074,5.440428,4.886009,4.293937,3.701865
371,3.378587,3.528611,3.453309,3.194815,2.783035,2.470806,2.137638,1.804471
372,3.735543,4.022629,4.085367,4.03935,3.880849,3.771963,3.640465,3.508968
373,6.479253,6.855467,6.863956,6.714454,6.314368,6.03141,5.721722,5.412034
374,2.495268,2.611402,2.597089,2.538254,2.38666,2.277525,2.159627,2.041729
375,0.889057,0.908921,0.885535,0.845204,0.766912,0.709509,0.648861,0.588213
376,0.500533,0.517719,0.505623,0.475649,0.423106,0.377747,0.330587,0.283427
377,5.622985,5.985325,6.049679,5.941412,5.585279,5.324547,5.036252,4.747957
378,6.788018,7.340533,7.516116,7.511536,7.206271,7.026349,6.803152,6.579954
379,7.352651,7.874658,8.008245,7.956614,7.575871,7.439116,7.263131,7.087147
380,7.090156,7.626452,7.79025,7.810977,7.574667,7.380142,7.135928,6.891714
381,7.573209,8.361033,8.774823,9.046903,8.988203,9.009053,9.00122,8.993386
382,3.860327,4.188967,4.300307,4.330678,4.185478,4.082873,3.958637,3.8344
383,0.090423,0.096723,0.09743,0.095931,0.090261,0.085459,0.080069,0.07468
384,0.101353,0.107029,0.109161,0.107623,0.102995,0.099842,0.095782,0.091722
385,1.855835,1.937215,1.9443,1.888407,1.767649,1.669982,1.556108,1.442234
386,6.641806,6.934086,6.971256,6.788868,6.377537,6.04028,5.643443,5.246607
387,2.312278,2.407064,2.410385,2.344544,2.198265,2.075371,1.932212,1.789054
388,3.05203,3.235086,3.249356,3.169594,2.975856,2.827107,2.663614,2.500121
389,5.701952,5.920029,5.785151,5.504089,4.959786,4.537066,4.100025,3.662984
390,2.688441,2.732228,2.627919,2.471564,2.193267,1.986788,1.768837,1.550885
391,0.49471,0.509602,0.5009,0.480366,0.440506,0.412947,0.383688,0.354429
392,1.223114,1.266042,1.234206,1.166158,1.042626,0.934731,0.822629,0.710526
393,3.317105,3.544585,3.597068,3.576703,3.411004,3.28594,3.137913,2.989887
394,7.258268,7.747699,7.853017,7.810657,7.449606,7.289536,7.087705,6.885874
395,7.56638,8.068571,8.159135,8.094368,7.689636,7.50815,7.28404,7.05993
396,7.008131,7.584292,7.78356,7.833316,7.561874,7.385269,7.172893,6.960518
397,4.501544,4.909199,5.042443,5.087376,4.943419,4.837598,4.708001,4.578404
398,5.471549,5.915573,6.042809,6.049538,5.810338,5.598401,5.352289,5.106176
399,0,0,0,0,0,0,0,0
400,0.031154,0.03196,0.030707,0.027943,0.02363,0.019969,0.016066,0.012163
401,1.174712,1.255133,1.259853,1.236247,1.175307,1.131692,1.084332,1.036971
402,5.20594,5.383534,5.302715,5.11124,4.718395,4.384819,4.029361,3.673904
403,3.752534,3.842337,3.757578,3.588733,3.265909,3.017477,2.754163,2.490848
404,5.195516,5.347142,5.250103,5.023724,4.576901,4.25617,3.91216,3.568149
405,3.003247,3.119985,3.077344,2.97384,2.756361,2.579167,2.390088,2.201008
406,6.087983,6.44527,6.454075,6.409496,6.104168,5.884086,5.627483,5.370879
407,7.876376,8.377974,8.458041,8.417322,8.024691,7.879268,7.687433,7.495597
408,7.766608,8.209198,8.249996,8.150545,7.69576,7.431118,7.117477,6.803836
409,7.62194,8.356683,8.703596,8.924827,8.798204,8.814443,8.806765,8.799087
410,6.646727,7.180735,7.307098,7.304236,7.006644,6.758825,6.469692,6.18056
411,0.432203,0.464433,0.472255,0.471843,0.452036,0.435179,0.415677,0.396175
412,0.495594,0.519695,0.515342,0.498184,0.46128,0.428393,0.393752,0.359112
413,2.229067,2.303494,2.255982,2.136172,1.912112,1.712319,1.504882,1.297446
414,2.307581,2.417648,2.406602,2.320065,2.12449,1.973065,1.8094,1.645734
415,3.932751,4.109802,4.128516,4.074464,3.884105,3.740655,3.578528,3.4164
416,0.462361,0.486624,0.491668,0.492224,0.482143,0.477145,0.469889,0.462632
417,0.6058,0.633612,0.629229,0.624433,0.59818,0.581429,0.561609,0.541788
418,6.613215,6.79512,6.56196,6.371848,5.900606,5.591605,5.255308,4.91901
419,8.348607,8.824773,8.864181,8.757546,8.268534,8.130423,7.950695,7.770967
420,7.464444,7.938114,7.977773,7.87919,7.432026,7.184175,6.890567,6.59696
421,7.801883,8.560827,8.924687,9.170651,9.069404,9.127032,9.165211,9.20339
422,6.626698,7.236094,7.482503,7.631328,7.476873,7.413814,7.328396,7.242978
423,0.217822,0.23056,0.229039,0.222407,0.204619,0.189059,0.172065,0.15507
424,1.781349,1.841884,1.814838,1.735244,1.572747,1.437218,1.29378,1.150342
425,0.914902,0.960013,0.960994,0.944973,0.898219,0.856966,0.811573,0.76618
426,3.718456,3.875809,3.859433,3.734726,3.444262,3.189486,2.916008,2.642529
427,0.18431,0.194268,0.198603,0.201137,0.199414,0.199299,0.19823,0.197161
428,0.269509,0.275088,0.266862,0.254356,0.229782,0.213098,0.195278,0.177459
429,2.947982,3.065606,3.010486,2.968073,2.797266,2.679243,2.542266,2.405289
430,6.778917,6.97906,6.729041,6.493475,5.93433,5.521128,5.070152,4.619175
431,3.751165,3.970976,3.987196,3.962803,3.776389,3.65592,3.510852,3.365784
432,4.100785,4.279263,4.202774,4.017626,3.63228,3.343153,3.02895,2.714748
433,3.912925,4.184445,4.199844,4.147612,3.942445,3.787637,3.606826,3.426015
434,1.168298,1.291978,1.326738,1.341219,1.312042,1.29486,1.272439,1.250017
435,0.66933,0.708248,0.709226,0.674176,0.607413,0.558645,0.505886,0.453127
436,2.688851,2.840625,2.867512,2.813298,2.655565,2.547845,2.424561,2.301276
437,0.062361,0.065265,0.066409,0.066971,0.066084,0.065364,0.064284,0.063205
438,0.860864,0.896677,0.885705,0.840221,0.758731,0.694994,0.627857,0.560721
439,3.045536,3.167661,3.124992,2.977998,2.700108,2.48739,2.263921,2.040451
440,0.088756,0.091119,0.088524,0.083011,0.073007,0.065675,0.057849,0.050022
441,4.224031,4.417347,4.352735,4.300077,4.069239,3.910614,3.725542,3.54047
442,7.10816,7.567058,7.615614,7.588254,7.239288,7.05667,6.829847,6.603024
443,4.750534,5.059633,5.109547,5.081773,4.837211,4.677109,4.485645,4.294181
444,1.887784,1.943527,1.887442,1.779785,1.585658,1.444126,1.297101,1.150076
445,1.162033,1.202413,1.175383,1.121276,1.016247,0.960534,0.898986,0.837437
446,0.721808,0.737447,0.713729,0.666112,0.581561,0.513822,0.445156,0.376489
447,0.028231,0.029094,0.028633,0.027466,0.024974,0.02267,0.020214,0.017759
448,0.652796,0.671737,0.659542,0.630292,0.570242,0.514945,0.456347,0.39775
449,0.148327,0.159527,0.16268,0.156743,0.144292,0.13646,0.127893,0.119326
450,4.848256,5.21281,5.317925,5.136613,4.746588,4.503964,4.237808,3.971651
451,1.752187,1.832997,1.816273,1.745945,1.603302,1.486502,1.361965,1.237428
452,5.303333,5.51181,5.392133,5.021207,4.389024,3.89854,3.393135,2.887731
453,3.839805,4.02869,4.027374,3.892971,3.618125,3.409683,3.183602,2.95752
454,0.273571,0.28135,0.271977,0.253186,0.221719,0.197945,0.173143,0.148342
455,5.318408,5.515677,5.371866,5.107576,4.599145,4.249584,3.881205,3.512827
456,6.921901,7.314681,7.310608,7.191807,6.746888,6.490475,6.190616,5.890758
457,2.692288,2.867347,2.89203,2.852626,2.684143,2.587438,2.472593,2.357749
458,0.34225,0.364553,0.368198,0.364889,0.345994,0.334534,0.320718,0.306901
459,0,0,0,0,0,0,0,0
460,3.195878,3.216215,3.073578,2.856797,2.497176,2.211765,1.914558,1.617351
461,3.440105,3.526958,3.477871,3.366659,3.121383,2.909207,2.676558,2.44391
462,3.861815,3.967573,3.877433,3.676492,3.289031,2.935025,2.565527,2.196029
463,5.08414,5.322063,5.300896,5.132229,4.733997,4.420823,4.083052,3.745281
464,0.909422,0.94836,0.939709,0.904991,0.828572,0.764087,0.694914,0.625742
465,3.069522,3.305391,3.342439,3.180748,2.889128,2.679461,2.458928,2.238395
466,6.595532,6.873311,6.741967,6.278781,5.47561,4.806886,4.120597,3.434308
467,4.896809,5.043899,4.918869,4.57337,4.00368,3.568079,3.118556,2.669034
468,0.441028,0.461614,0.461678,0.455774,0.435983,0.421128,0.404403,0.387678
469,1.118406,1.167067,1.153904,1.128792,1.065133,1.02614,0.981078,0.936015
470,4.383454,4.560046,4.460536,4.267168,3.8843,3.642312,3.380351,3.11839
471,4.64091,4.874923,4.848719,4.741949,4.414042,4.21054,3.977086,3.743631
472,0.430232,0.450443,0.44536,0.432041,0.397442,0.375126,0.350051,0.324976
473,0.250035,0.244818,0.226427,0.202834,0.166689,0.137405,0.106607,0.075809
474,1.944635,1.932321,1.833686,1.703726,1.492045,1.319957,1.135163,0.950369
475,0.435086,0.444709,0.440928,0.431881,0.409289,0.389761,0.367142,0.344523
476,0.573127,0.591214,0.585953,0.567544,0.52618,0.488402,0.447622,0.406842
477,2.938867,3.026662,2.969834,2.855435,2.610317,2.430495,2.236065,2.041636
478,4.227818,4.408076,4.376482,4.246177,3.916578,3.654927,3.367029,3.079131
479,4.75612,4.926399,4.829786,4.565401,4.063739,3.650454,3.220054,2.789655
480,4.739046,5.010852,4.989704,4.669331,4.127402,3.665653,3.199819,2.733984
481,3.951252,4.157906,4.145627,3.984105,3.647515,3.366141,3.077405,2.788669
482,0.529618,0.535238,0.512924,0.477871,0.414247,0.360429,0.305623,0.250817
483,3.632025,3.724452,3.572092,3.345516,2.963041,2.735479,2.493098,2.250717
484,6.337841,6.581278,6.431882,6.202877,5.717348,5.44172,5.125543,4.809365
485,2.309444,2.40995,2.376332,2.295331,2.104119,1.977855,1.836778,1.6957
486,0.023129,0.02423,0.023981,0.023252,0.021475,0.020284,0.018952,0.017621
487,0.500368,0.50207,0.480518,0.448634,0.39431,0.348055,0.298403,0.248752
488,0.155523,0.155529,0.149235,0.140206,0.124795,0.111625,0.097374,0.083124
490,0.293663,0.298424,0.292087,0.282015,0.259866,0.244048,0.226692,0.209337
491,3.506517,3.639454,3.610155,3.512801,3.25146,3.040141,2.807101,2.574062
492,4.976441,5.106793,4.981373,4.725951,4.221121,3.810372,3.378802,2.947233
493,0.410535,0.420396,0.411094,0.389546,0.348353,0.314814,0.27947,0.244126
494,0.103162,0.106385,0.104825,0.099425,0.08876,0.080299,0.071419,0.062539
495,0.057843,0.06088,0.06148,0.061563,0.060488,0.059867,0.058983,0.058098
496,1.452677,1.51104,1.485164,1.427204,1.319056,1.267495,1.21163,1.155764
497,7.117403,7.31839,7.068041,6.702059,6.039632,5.66402,5.245777,4.827534
498,3.232426,3.321575,3.211276,3.059706,2.769397,2.591455,2.389877,2.188299
500,0.738958,0.74117,0.714312,0.6763,0.610534,0.557704,0.500166,0.442627
501,0.046596,0.046033,0.042704,0.03816,0.031063,0.025195,0.019124,0.013052
502,2.342075,2.458044,2.447156,2.322177,2.080098,1.887726,1.691899,1.496071
504,0.613927,0.623969,0.610566,0.587418,0.540372,0.502569,0.461254,0.419939
505,0.107399,0.108973,0.105479,0.100266,0.089667,0.080666,0.071094,0.061521
506,0.443213,0.451195,0.442049,0.420979,0.378292,0.34136,0.301549,0.261737
508,1.374845,1.444254,1.436867,1.384701,1.273222,1.214375,1.149449,1.084524
509,0.976318,1.014788,1.000319,0.955104,0.866995,0.810134,0.747248,0.684363
510,0.923312,0.9558,0.936687,0.878463,0.771393,0.681469,0.590022,0.498576
511,5.554352,5.714008,5.542786,5.24243,4.701361,4.430689,4.124071,3.817454
512,2.506959,2.586101,2.50948,2.3822,2.143879,2.016691,1.872079,1.727467
513,1.06348,1.076163,1.044794,0.994382,0.903816,0.830017,0.749409,0.668801
514,0.611307,0.63354,0.6287,0.610488,0.567778,0.534275,0.496785,0.459296
515,0.080589,0.083807,0.084338,0.083617,0.080215,0.077584,0.074355,0.071126
516,0.304898,0.321215,0.322908,0.312809,0.289377,0.269843,0.248857,0.227871
517,0.030493,0.032198,0.032595,0.031979,0.030189,0.028781,0.027215,0.025649
519,1.787465,1.820284,1.779489,1.698013,1.540258,1.423679,1.295131,1.166583
520,0.789558,0.808731,0.798716,0.770198,0.71036,0.668524,0.621167,0.573811
521,0.165907,0.176136,0.174371,0.170587,0.161323,0.154332,0.146327,0.138322
522,2.159204,2.261512,2.233129,2.131947,1.930344,1.815811,1.6917,1.567589
523,7.700075,8.001734,7.841311,7.435726,6.682733,6.271662,5.817995,5.364328
524,2.608411,2.662815,2.55755,2.377072,2.080046,1.899595,1.701606,1.503617
525,6.576327,6.84897,6.735498,6.443664,5.858413,5.527079,5.154316,4.781554
526,1.109127,1.14251,1.104547,1.038973,0.922439,0.861357,0.792956,0.724555
528,0.051131,0.0511,0.047876,0.043521,0.036374,0.030511,0.024357,0.018203
530,0.526686,0.52176,0.49536,0.460648,0.405134,0.361673,0.314957,0.268241
531,0.051251,0.052796,0.053013,0.052776,0.05109,0.049583,0.047667,0.045751
532,0.709016,0.723941,0.701236,0.661858,0.589021,0.528693,0.466031,0.403368
533,1.437798,1.475898,1.440387,1.359095,1.208545,1.08061,0.944434,0.808258
534,1.457734,1.474224,1.420583,1.331337,1.176806,1.043945,0.904454,0.764964
535,0.124432,0.126484,0.122759,0.116127,0.104612,0.094192,0.083327,0.072462
536,2.889799,3.013907,3.012536,2.922102,2.715167,2.562262,2.392429,2.222597
537,2.570417,2.665577,2.646781,2.545311,2.337818,2.203187,2.050625,1.898063
538,1.94494,2.025493,2.018447,1.96937,1.84696,1.781453,1.701824,1.622194
539,2.032994,2.108591,2.05654,1.948377,1.749338,1.578379,1.399351,1.220324
540,5.346936,5.403363,5.116828,4.65485,3.945665,3.484531,2.999915,2.515298
541,7.89153,8.076379,7.764748,7.212414,6.30228,5.748397,5.148014,4.54763
542,1.403087,1.468375,1.455426,1.400276,1.281653,1.212261,1.133472,1.054683
544,0.304157,0.305059,0.294776,0.281987,0.258366,0.238409,0.216288,0.194168
545,0.05213,0.053039,0.052587,0.051862,0.049688,0.0478,0.04551,0.04322
546,0.258736,0.263807,0.262361,0.258466,0.247243,0.237298,0.225378,0.213458
547,0.102757,0.104731,0.102122,0.098049,0.089898,0.08286,0.075256,0.067652
548,0.298209,0.30867,0.309424,0.306466,0.293713,0.283227,0.270784,0.258341
549,1.283672,1.313585,1.272804,1.194992,1.055167,0.940674,0.822707,0.704741
550,1.019803,1.064499,1.052466,1.027347,0.973166,0.930718,0.883779,0.836841
551,0.450793,0.463503,0.452093,0.42996,0.385498,0.351174,0.314075,0.276977
552,0.187131,0.200188,0.201401,0.191069,0.172692,0.15984,0.145763,0.131685
553,2.492924,2.583987,2.536763,2.391755,2.149197,2.009208,1.859549,1.70989
554,1.505177,1.561925,1.526244,1.43981,1.287526,1.209371,1.123548,1.037726
555,4.929882,5.213493,5.165739,5.016715,4.692774,4.55519,4.39207,4.228951
556,2.261761,2.329681,2.250629,2.096555,1.840273,1.706422,1.561597,1.416773
557,2.741345,2.824973,2.735607,2.553545,2.254144,2.085435,1.902538,1.719641
558,1.739995,1.760859,1.73347,1.696923,1.60934,1.533904,1.445386,1.356867
559,0.399003,0.414138,0.418345,0.418233,0.40605,0.396023,0.382765,0.369506
560,0.049382,0.051708,0.052706,0.053084,0.052012,0.051177,0.049931,0.048686
561,0.254855,0.264327,0.26404,0.258991,0.244161,0.23251,0.219096,0.205683
563,0.497446,0.516302,0.511143,0.490562,0.448845,0.414572,0.378622,0.342672
564,2.172287,2.225724,2.155327,2.016903,1.772562,1.571024,1.363876,1.156727
565,2.462983,2.531509,2.45519,2.322221,2.073572,1.872271,1.660138,1.448004
566,4.632714,4.916521,4.925378,4.69785,4.267056,3.964636,3.640041,3.315446
567,1.398235,1.46596,1.452138,1.381966,1.256538,1.183156,1.103959,1.024762
568,0.722236,0.746656,0.727189,0.679293,0.60367,0.558989,0.511951,0.464913
569,1.38293,1.420535,1.364826,1.269405,1.106917,1.021538,0.929306,0.837074
570,0.156752,0.159968,0.152675,0.140378,0.120506,0.110091,0.098902,0.087714
571,0.029846,0.030636,0.030052,0.028797,0.026203,0.024114,0.02191,0.019706
572,0.048643,0.05114,0.052278,0.052733,0.051648,0.050823,0.049595,0.048366
573,2.708319,2.8251,2.86252,2.867482,2.789332,2.721971,2.632424,2.542876
578,2.036745,2.091676,2.029187,1.918316,1.70469,1.531652,1.349064,1.166476
579,3.801869,3.922941,3.809708,3.587286,3.178774,2.849415,2.501225,2.153034
580,4.689265,4.827735,4.664407,4.376034,3.876454,3.551365,3.207092,2.862818
581,3.859031,4.048722,3.998906,3.750384,3.332811,3.10379,2.863766,2.623742
582,4.007559,4.13907,4.011918,3.72098,3.246353,2.973731,2.684993,2.396255
583,0.178901,0.183681,0.176809,0.164483,0.143722,0.134093,0.123843,0.113593
585,0.52096,0.540506,0.544679,0.541676,0.522531,0.505535,0.484172,0.46281
586,0.53604,0.55786,0.564698,0.565281,0.549988,0.537159,0.520065,0.50297
587,0.226597,0.234724,0.235085,0.232315,0.221468,0.212327,0.201447,0.190568
588,0.713496,0.734054,0.727904,0.711645,0.668214,0.631251,0.58908,0.54691
589,0.047769,0.050424,0.051704,0.052304,0.051492,0.050973,0.050049,0.049124
592,0.188402,0.193046,0.185684,0.171557,0.145917,0.125039,0.104106,0.083172
593,2.107143,2.170096,2.096781,1.938475,1.66367,1.45289,1.235605,1.01832
594,6.170171,6.471315,6.381637,6.050709,5.450909,5.028229,4.587708,4.147187
595,5.654004,6.003864,5.99358,5.714554,5.230043,4.909701,4.574111,4.238521
596,3.10124,3.145437,2.966311,2.643907,2.183068,1.835163,1.477469,1.119775
597,0.073752,0.075614,0.072327,0.065763,0.056054,0.048558,0.040831,0.033104
598,0.050312,0.052347,0.053083,0.053295,0.052072,0.05103,0.049586,0.048141
599,0.200776,0.208879,0.2118,0.212641,0.207761,0.2036,0.197832,0.192065
600,0.608294,0.629519,0.632178,0.627843,0.604494,0.585336,0.561667,0.537998
601,0.197171,0.20322,0.202709,0.199788,0.190325,0.182598,0.173466,0.164334
602,0.194792,0.204753,0.209411,0.211538,0.207931,0.205217,0.200845,0.196474
603,0.786489,0.81768,0.821925,0.815272,0.7815,0.753786,0.719955,0.686123
607,0.048925,0.052956,0.05289,0.052273,0.050556,0.049325,0.047891,0.046456
608,0.645088,0.686092,0.689666,0.684999,0.663776,0.653263,0.639599,0.625935
609,1.936285,2.012014,1.94442,1.792193,1.552968,1.371965,1.184247,0.996528
610,6.208099,6.456576,6.264263,5.743098,4.978163,4.369255,3.74814,3.127026
611,7.865293,8.017579,7.615379,6.872998,5.783853,4.937141,4.068662,3.200183
612,3.250878,3.358363,3.254444,2.99209,2.561571,2.319465,2.063771,1.808077
615,0.294241,0.306405,0.310708,0.311933,0.304663,0.298784,0.290628,0.282472
616,0.445317,0.46725,0.47747,0.481635,0.472715,0.465395,0.454252,0.443109
617,0.060108,0.061829,0.060826,0.058841,0.054508,0.051275,0.047716,0.044158
618,0.098798,0.104615,0.107241,0.108068,0.105498,0.103422,0.100386,0.097349
622,0.026703,0.027031,0.026664,0.025988,0.024134,0.022899,0.021486,0.020073
623,0.202968,0.216275,0.215247,0.211022,0.201616,0.195283,0.187854,0.180425
624,0.022681,0.02347,0.022624,0.020523,0.017116,0.014167,0.011345,0.008524
625,2.48775,2.564971,2.465106,2.245476,1.903779,1.628215,1.348374,1.068534
626,6.910009,7.224818,7.057282,6.584557,5.768801,5.178404,4.555929,3.933454
627,1.149003,1.179847,1.13264,1.048419,0.910081,0.805742,0.697074,0.588406
628,0.46383,0.473744,0.471163,0.463542,0.443558,0.425288,0.403691,0.382094
629,0.67502,0.683507,0.668616,0.643283,0.59541,0.551762,0.502578,0.453394
630,0.051779,0.05443,0.055892,0.056946,0.056623,0.056537,0.056061,0.055586
631,1.395218,1.46694,1.500357,1.518625,1.49569,1.48033,1.453887,1.427443
632,0.146188,0.154301,0.158361,0.160331,0.158058,0.156679,0.15407,0.15146
641,0.442012,0.472303,0.471989,0.466416,0.451181,0.440927,0.428186,0.415446
642,3.421914,3.591697,3.558815,3.467712,3.275045,3.1328,2.971834,2.810868
643,5.37323,5.649175,5.59949,5.454689,5.154543,4.951751,4.723181,4.494611
644,0.668291,0.682572,0.678856,0.667816,0.639028,0.612753,0.581694,0.550635
645,0.05154,0.052642,0.052356,0.051504,0.049284,0.047258,0.044863,0.042468
646,0.529753,0.550128,0.556263,0.556039,0.540961,0.527246,0.509281,0.491316
647,0.639365,0.67271,0.689063,0.698866,0.689941,0.683312,0.671282,0.659252
648,0.149408,0.156604,0.159879,0.161571,0.158976,0.156927,0.153663,0.150399
652,0.029066,0.029232,0.028537,0.0277,0.025795,0.024209,0.022338,0.020467
654,0.036231,0.037339,0.037305,0.036648,0.034828,0.033318,0.031495,0.029672
655,0.030357,0.030328,0.029402,0.028078,0.025499,0.022674,0.01962,0.016566
657,3.793437,3.978214,3.927866,3.807975,3.55697,3.362857,3.14769,2.932523
658,10.340509,10.961409,10.95145,10.86637,10.554536,10.377817,10.143153,9.90849
659,6.979727,7.265229,7.115792,6.887503,6.470373,6.20333,5.898096,5.592863
661,0.034977,0.034461,0.033141,0.031259,0.028282,0.02571,0.022886,0.020063
662,0.159182,0.165287,0.167066,0.166873,0.162252,0.157984,0.152434,0.146883
663,0.361176,0.380748,0.390895,0.397499,0.393922,0.391564,0.386186,0.380807
664,0.939096,0.988154,1.012675,1.027736,1.016217,1.007909,0.991799,0.975689
665,0.176777,0.185128,0.188242,0.188892,0.183933,0.180415,0.175503,0.170592
667,0.050227,0.053817,0.053997,0.053601,0.052004,0.05083,0.049353,0.047876
668,0.049149,0.053191,0.053349,0.053031,0.051608,0.050642,0.049385,0.048129
669,0.207713,0.226268,0.231253,0.234217,0.232564,0.232326,0.230888,0.22945
670,0.465532,0.487288,0.476439,0.452421,0.410118,0.375917,0.339404,0.302892
671,0.085206,0.090397,0.090582,0.089909,0.087032,0.084935,0.082305,0.079675
672,0.116498,0.121941,0.121306,0.119619,0.114686,0.110779,0.106065,0.101351
673,3.398275,3.578013,3.548186,3.45514,3.252931,3.089841,2.906401,2.722961
674,10.700193,11.282887,11.191647,10.923783,10.340262,9.88116,9.359505,8.83785
675,9.586523,9.882631,9.548612,8.850101,7.73632,6.953682,6.111898,5.270114
676,1.937716,1.998631,1.930308,1.758332,1.492943,1.327472,1.150141,0.972809
677,0,0,0,0,0,0,0,0
678,0.574504,0.589664,0.589392,0.581717,0.559431,0.538353,0.512788,0.487224
680,0.05294,0.054962,0.055545,0.055478,0.053938,0.052502,0.050639,0.048777
681,0.052188,0.054926,0.056252,0.056815,0.055886,0.055133,0.053943,0.052754
682,0.300727,0.316015,0.323011,0.325427,0.318977,0.31358,0.305645,0.297711
683,0.145437,0.153325,0.157169,0.159104,0.156564,0.154934,0.152073,0.149212
686,4.732628,5.060643,5.070955,5.020649,4.853559,4.730204,4.578171,4.426138
687,3.994957,4.390651,4.505699,4.556047,4.506036,4.477917,4.424724,4.37153
688,2.917764,3.199383,3.277443,3.287294,3.224692,3.198132,3.154215,3.110298
689,1.826647,2.001687,2.036939,2.048878,2.023735,2.014967,1.996518,1.978069
690,2.176247,2.327151,2.318798,2.287296,2.201227,2.136059,2.05961,1.983161
691,5.625126,5.859129,5.738052,5.495282,5.036178,4.660256,4.259698,3.85914
692,14.285328,15.211095,15.2602,14.983573,14.340935,13.973538,13.523198,13.072858
693,10.936341,11.424271,11.233008,10.697191,9.785368,9.181208,8.510127,7.839045
694,3.709786,3.801288,3.648402,3.309253,2.800209,2.482473,2.144076,1.805678
695,0.673179,0.688009,0.682388,0.666482,0.631925,0.599513,0.561868,0.524223
696,0.156887,0.161481,0.161875,0.160073,0.154355,0.148812,0.141983,0.135153
697,0.104085,0.109193,0.111469,0.112298,0.110216,0.108324,0.105566,0.102809
699,0.149675,0.156775,0.159757,0.160539,0.156887,0.153773,0.149396,0.145018
702,0.045338,0.047336,0.047773,0.047678,0.046025,0.044681,0.042919,0.041156
703,0.757015,0.809002,0.809378,0.797638,0.767273,0.743645,0.715533,0.687422
704,5.398052,5.874624,5.960944,5.96993,5.859195,5.790928,5.692325,5.593722
705,2.279229,2.533926,2.604745,2.645246,2.645341,2.667391,2.678247,2.689103
706,3.222047,3.509137,3.541109,3.50813,3.391378,3.326456,3.245072,3.163687
707,2.800045,3.018476,3.01347,2.961716,2.839104,2.749895,2.645986,2.542078
708,3.282646,3.484681,3.462135,3.388341,3.220403,3.094532,2.953129,2.811726
709,4.383274,4.679722,4.710686,4.644639,4.474064,4.390176,4.280812,4.171449
710,4.416395,4.675645,4.670182,4.569459,4.35844,4.239424,4.095282,3.951139
711,0.900384,0.925178,0.892769,0.835981,0.753094,0.699401,0.641602,0.583803
712,0,0,0,0,0,0,0,0
713,0.950024,0.979299,0.982848,0.972502,0.937608,0.903879,0.862296,0.820714
714,0.201054,0.209378,0.212613,0.213723,0.209029,0.205037,0.199481,0.193924
715,0.300575,0.314231,0.319468,0.31992,0.311003,0.30232,0.29109,0.27986
716,0,0,0,0,0,0,0,0
718,0.193859,0.201366,0.203253,0.20228,0.195405,0.189224,0.181433,0.173642
719,0.09678,0.100541,0.101481,0.101392,0.098117,0.09552,0.09207,0.08862
722,1.261591,1.346784,1.345624,1.31848,1.261019,1.220238,1.173336,1.126434
723,2.160623,2.373879,2.420923,2.435476,2.407235,2.402243,2.386629,2.371015
724,0,0,0,0,0,0,0,0
725,0.496567,0.522641,0.534977,0.538607,0.527169,0.517644,0.503924,0.490204
726,0.548249,0.577643,0.592217,0.597981,0.587327,0.57904,0.566184,0.553328
727,0.301376,0.315051,0.320286,0.320491,0.31185,0.303623,0.292888,0.282154
729,0.308199,0.320393,0.324332,0.320496,0.307821,0.299056,0.288074,0.277091
730,0.150974,0.156934,0.15877,0.157567,0.151884,0.147812,0.142597,0.137383
734,0.290201,0.308206,0.311739,0.310165,0.301265,0.295105,0.286983,0.27886
735,0.046786,0.04893,0.049679,0.049516,0.048004,0.046815,0.045225,0.043635
736,0.099088,0.104227,0.106579,0.107117,0.104615,0.102467,0.09947,0.096474
737,0.923041,0.952235,0.956291,0.941292,0.901072,0.864014,0.81963,0.775245
738,0.043007,0.043635,0.042987,0.041542,0.038713,0.036147,0.033197,0.030247
739,0.093573,0.09604,0.095693,0.093432,0.088379,0.08388,0.078582,0.073284
740,0.049827,0.051942,0.052646,0.052834,0.051416,0.050257,0.048659,0.04706
745,0.022172,0.022616,0.021703,0.019276,0.015651,0.012447,0.009137,0.005828
746,0.386323,0.400539,0.397023,0.375019,0.336716,0.302971,0.2666,0.230229
747,0.101679,0.104903,0.105354,0.103704,0.099273,0.095185,0.090289,0.085392
749,0.050334,0.052178,0.052491,0.05171,0.049573,0.047722,0.045471,0.043219
750,0.099627,0.103848,0.10525,0.105615,0.102771,0.100452,0.097228,0.094003
755,0.456928,0.480852,0.475696,0.447679,0.398453,0.358733,0.31604,0.273346
756,0.944439,0.968251,0.937353,0.838786,0.691679,0.560911,0.425043,0.289175
757,0,0,0,0,0,0,0,0
760,0,0,0,0,0,0,0,0
761,0.04856,0.050893,0.051815,0.051511,0.049888,0.048659,0.04704,0.045421
763,2.163403,2.279608,2.250419,2.109363,1.864776,1.669828,1.460332,1.250837
764,0.753884,0.788364,0.782023,0.738866,0.663541,0.601086,0.533374,0.465662
765,0,0,0,0,0,0,0,0
767,0.752319,0.791806,0.778268,0.7203,0.629264,0.562213,0.490188,0.418162
768,0.597766,0.622163,0.603014,0.547968,0.464993,0.40335,0.33856,0.273771
770,0.47334,0.498577,0.496802,0.471195,0.427097,0.395227,0.35976,0.324293
771,1.515939,1.589596,1.55606,1.433224,1.241642,1.098013,0.945758,0.793502
772,0,0,0,0,0,0,0,0
773,0.910107,0.962027,0.954544,0.897688,0.798864,0.727714,0.649841,0.571967
774,0.921111,0.977316,0.971948,0.927892,0.853686,0.801544,0.744092,0.686641
775,0.812954,0.846156,0.817394,0.737244,0.619252,0.527145,0.430664,0.334184
776,0.719864,0.755395,0.741379,0.685744,0.598034,0.530996,0.459611,0.388225
777,0.539383,0.520998,0.454184,0.348051,0.211416,0.104653,-0.002666,-0.109986
778,0,0,0,0,0,0,0,0
779,0,0,0,0,0,0,0,0
780,0.01321,0.01151,0.008204,0.003535,-0.002212,-0.00681,-0.011348,-0.015885
782,0.323085,0.332589,0.331634,0.323876,0.306022,0.289999,0.271059,0.25212
783,0.757799,0.804947,0.822107,0.809611,0.766637,0.730849,0.686947,0.643046
784,0.686163,0.726261,0.739215,0.728092,0.690453,0.65682,0.615961,0.575102
785,0.201424,0.207335,0.206724,0.201885,0.190752,0.180775,0.16898,0.157186
786,0.196894,0.206697,0.209724,0.208431,0.201109,0.194731,0.186634,0.178538
787,0.45619,0.481447,0.490085,0.481751,0.457645,0.439546,0.417263,0.394979
788,0.951023,1.000492,1.015095,0.994095,0.940845,0.898308,0.846511,0.794713
789,0.222322,0.232473,0.234497,0.231012,0.220329,0.211331,0.200387,0.189443
790,1.475923,1.551879,1.576846,1.565195,1.508488,1.462844,1.404258,1.345672
791,1.081404,1.124228,1.129194,1.102869,1.040971,0.988602,0.926338,0.864074
792,0.119004,0.123336,0.123721,0.121144,0.114799,0.109322,0.102746,0.096171
793,0,0,0,0,0,0,0,0
794,0.435473,0.45043,0.446151,0.426315,0.389537,0.358474,0.323544,0.288614
795,0.94224,0.966136,0.938718,0.872849,0.767043,0.679862,0.585665,0.491468
797,0.025818,0.026485,0.025448,0.023157,0.019583,0.016548,0.013314,0.01008
